"","Date","pH","filetype","Channel","Filename","Lpc","Leq","Lz","alpha","Food","Replicate","Chamber_tank","Number","Plate","Run","Fed_Unfed","Center","Length_um","Shell_tin_weight","tin_plus_shell","Tissue_tin_.weight","tin_plus_tissue","Dry_Shell_weight","Dry_Tissue_weight","Condition_Index","Instrument","Notes","BLANK.mean_Lpc","BLANK.sd.Lpc","BLANK.mean_Leq","BLANK.mean_Lz","n","resp_blankStand","volume","Age","pCO2"
"1","10/26/2021",7.5,"LoLigo_data","CH5","Run_1_raw.txt",-0.00704407,-0.005910146,-0.005910146,0.4,"fed","A","7.5_A",1,NA,"1","High food",NA,8900,0.4111,0.4596,0.4139,0.4182,0.0485,0.0043,8.865979381,"loligo_8channel","",0.005603708,0.00468735004130244,0.0058072395,0.0056231655,2,-0.012647778,68.57288,92,"800 여tm"
"2","10/26/2021",7.5,"LoLigo_data","CH4","Run_3_raw.txt",-0.008057396,-0.008949046,-0.007922827,0.4,"fed","C","7.5_C",2,NA,"3","High food",NA,9550,0.4109,0.4686,0.418,0.4255,0.0577,0.0075,12.9982669,"loligo_8channel","",0.005603708,0.00468735004130244,0.0058072395,0.0056231655,2,-0.013661104,68.95481,92,"800 여tm"
"3","10/26/2021",7.5,"LoLigo_data","CH6","Run_2_raw.txt",-0.008001383,-0.009044985,-0.009044985,0.4,"fed","A","7.5_A",2,NA,"2","High food",NA,13490,0.4133,0.5504,0.4124,0.4267,0.1371,0.0143,10.43034282,"loligo_8channel","",0.005603708,0.00468735004130244,0.0058072395,0.0056231655,2,-0.013605091,68.01878,92,"800 여tm"
"4","10/26/2021",7.5,"LoLigo_data","CH5","Run_2_raw.txt",-0.005531372,-0.005531372,-0.005965225,0.4,"fed","D","7.5_D",1,NA,"2","High food",NA,7420,0.417,0.4445,0.4126,0.415,0.0275,0.0024,8.727272727,"loligo_8channel","",0.005603708,0.00468735004130244,0.0058072395,0.0056231655,2,-0.01113508,68.57288,92,"800 여tm"
"5","10/26/2021",7.5,"LoLigo_data","CH5","Run_3_raw.txt",-0.006337893,-0.007977587,-0.007385198,0.4,"fed","D","7.5_D",2,NA,"3","High food",NA,8890,0.4112,0.4531,0.4149,0.4202,0.0419,0.0053,12.64916468,"loligo_8channel","",0.005603708,0.00468735004130244,0.0058072395,0.0056231655,2,-0.011941601,68.57288,92,"800 여tm"
"6","10/26/2021",7.5,"LoLigo_data","CH6","Run_1_raw.txt",-0.001401388,-0.001125254,-0.001125254,0.4,"fed","B","7.5_B",1,NA,"1","High food",NA,7030,0.4193,0.4459,0.4114,0.4144,0.0266,0.003,11.27819549,"loligo_8channel","",0.005603708,0.00468735004130244,0.0058072395,0.0056231655,2,-0.007005096,68.01878,92,"800 여tm"
"7","10/26/2021",7.5,"LoLigo_data","CH7","Run_3_raw.txt",-0.011305999,-0.010636184,-0.010636184,0.4,"fed","C","7.5_C",3,NA,"3","High food",NA,9710,0.4107,0.4729,0.4097,0.4164,0.0622,0.0067,10.77170418,"loligo_8channel","",0.005603708,0.00468735004130244,0.0058072395,0.0056231655,2,-0.016909707,68.54551,92,"800 여tm"
"8","10/26/2021",7.5,"LoLigo_data","CH6","Run_3_raw.txt",-0.007714271,-0.007000061,-0.007000061,0.4,"fed","B","7.5_B",3,NA,"3","High food",NA,9510,0.4087,0.4668,0.4157,0.4222,0.0581,0.0065,11.18760757,"loligo_8channel","",0.005603708,0.00468735004130244,0.0058072395,0.0056231655,2,-0.013317979,68.01878,92,"800 여tm"
"9","10/26/2021",7.5,"LoLigo_data","CH7","Run_1_raw.txt",-0.002904632,-0.002778614,-0.002778614,0.4,"fed","C","7.5_C",1,NA,"1","High food",NA,7400,0.4058,0.433,0.4154,0.4184,0.0272,0.003,11.02941176,"loligo_8channel","",0.005603708,0.00468735004130244,0.0058072395,0.0056231655,2,-0.00850834,68.54551,92,"800 여tm"
"10","10/26/2021",7.5,"LoLigo_data","CH7","Run_2_raw.txt",-0.008978831,-0.008711245,-0.008745609,0.4,"fed","B","7.5_B",2,NA,"2","High food",NA,10100,0.4118,0.4807,0.4117,0.4191,0.0689,0.0074,10.74020319,"loligo_8channel","",0.005603708,0.00468735004130244,0.0058072395,0.0056231655,2,-0.014582539,68.54551,92,"800 여tm"
"11","10/26/2021",7.5,"SDR_data","A6","20211026_resp_unfed.csv",-0.011090918,-0.011418068,-0.011418068,0.4,"unfed","D","7.5_D",1,NA,"1_B","Low food",NA,3250.48,NA,NA,NA,NA,NA,NA,NA,"SDR_24channel","",0.00666711075,0.00153808221507377,0.00749084825,0.0077361745,4,-0.01775802875,2.2,92,"800 여tm"
"12","10/26/2021",7.5,"SDR_data","A3","20211026_resp_unfed.csv",-0.033460487,-0.031485827,-0.037239948,0.4,"unfed","A","7.5_A",1,NA,"1_B","Low food",NA,3851.85,NA,NA,NA,NA,NA,NA,NA,"SDR_24channel","",0.00666711075,0.00153808221507377,0.00749084825,0.0077361745,4,-0.04012759775,2.2,92,"800 여tm"
"13","10/26/2021",7.5,"SDR_data","B4","20211026_resp_unfed.csv",-0.026936353,-0.026900176,-0.025516359,0.4,"unfed","C","7.5_C",1,NA,"1_B","Low food",NA,4286.87,NA,NA,NA,NA,NA,NA,NA,"SDR_24channel","",0.00666711075,0.00153808221507377,0.00749084825,0.0077361745,4,-0.03360346375,2.2,92,"800 여tm"
"14","10/26/2021",7.5,"SDR_data","B6","20211026_resp_unfed.csv",-0.016392344,-0.020559927,-0.020559927,0.4,"unfed","B","7.5_B",1,NA,"1_B","Low food",NA,2985.22,NA,NA,NA,NA,NA,NA,NA,"SDR_24channel","",0.00666711075,0.00153808221507377,0.00749084825,0.0077361745,4,-0.02305945475,2.2,92,"800 여tm"
"15","10/26/2021",7.5,"SDR_data","B1","20211026_resp_unfed.csv",-0.009157068,-0.008993491,-0.008993491,0.4,"unfed","A","7.5_A",2,NA,"1_B","Low food",NA,3218.16,NA,NA,NA,NA,NA,NA,NA,"SDR_24channel","",0.00666711075,0.00153808221507377,0.00749084825,0.0077361745,4,-0.01582417875,2.2,92,"800 여tm"
"16","10/26/2021",7.5,"SDR_data","C3","20211026_resp_unfed.csv",-0.024210951,-0.023574867,-0.023574867,0.4,"unfed","D","7.5_D",2,NA,"1_B","Low food",NA,3781.86,NA,NA,NA,NA,NA,NA,NA,"SDR_24channel","",0.00666711075,0.00153808221507377,0.00749084825,0.0077361745,4,-0.03087806175,2.2,92,"800 여tm"
"17","10/26/2021",7.5,"SDR_data","D2","20211026_resp_unfed.csv",-0.027085352,-0.026877421,-0.026877421,0.4,"unfed","C","7.5_C",2,NA,"1_B","Low food",NA,4126.57,NA,NA,NA,NA,NA,NA,NA,"SDR_24channel","",0.00666711075,0.00153808221507377,0.00749084825,0.0077361745,4,-0.03375246275,2.2,92,"800 여tm"
"18","10/26/2021",7.5,"SDR_data","D5","20211026_resp_unfed.csv",-0.02506146,-0.02506146,-0.025488517,0.4,"unfed","B","7.5_B",2,NA,"1_B","Low food",NA,3847.25,NA,NA,NA,NA,NA,NA,NA,"SDR_24channel","",0.00666711075,0.00153808221507377,0.00749084825,0.0077361745,4,-0.03172857075,2.2,92,"800 여tm"
"19","10/26/2021",8,"LoLigo_data","CH1","Run_1_raw.txt",-0.006794943,-0.006794943,-0.006797915,0.4,"fed","A","8_A",1,NA,"1","High food",NA,12610,0.4106,0.5517,0.4128,0.4259,0.1411,0.0131,9.284195606,"loligo_8channel","",0.00326029866666667,0.00270667095420044,0.003205798,0.003533436,3,-0.0100552416666667,68.55323,92,"500 여tm"
"20","10/26/2021",8,"LoLigo_data","CH2","Run_2_raw.txt",-0.009750136,-0.009750136,-0.01047224,0.4,"fed","A","8_A",2,NA,"2","High food",NA,14310,0.4188,0.5912,0.4115,0.4275,0.1724,0.016,9.280742459,"loligo_8channel","",0.00326029866666667,0.00270667095420044,0.003205798,0.003533436,3,-0.0130104346666667,68.85583,92,"500 여tm"
"21","10/26/2021",8,"LoLigo_data","CH1","Run_2_raw.txt",-0.004329555,-0.004329555,-0.004329555,0.4,"fed","D","8_D",1,NA,"2","High food",NA,8650,0.4136,0.4575,0.4118,0.4156,0.0439,0.0038,8.656036446,"loligo_8channel","",0.00326029866666667,0.00270667095420044,0.003205798,0.003533436,3,-0.00758985366666667,68.55323,92,"500 여tm"
"22","10/26/2021",8,"LoLigo_data","CH1","Run_3_raw.txt",-0.009524953,-0.009505422,-0.008537883,0.4,"fed","C","8_C",2,NA,"3","High food",NA,12530,0.4095,0.5424,0.4219,0.4362,0.1329,0.0143,10.7599699,"loligo_8channel","",0.00326029866666667,0.00270667095420044,0.003205798,0.003533436,3,-0.0127852516666667,68.55323,92,"500 여tm"
"23","10/26/2021",8,"LoLigo_data","CH2","Run_1_raw.txt",-0.003045556,-0.002876199,-0.002876199,0.4,"fed","B","8_B",1,NA,"1","High food",NA,8940,0.409,0.4571,0.4168,0.4237,0.0481,0.0069,14.34511435,"loligo_8channel","",0.00326029866666667,0.00270667095420044,0.003205798,0.003533436,3,-0.00630585466666667,68.85583,92,"500 여tm"
"24","10/26/2021",8,"LoLigo_data","CH3","Run_2_raw.txt",-0.007612734,-0.007612734,-0.007620018,0.4,"fed","B","8_B",2,NA,"2","High food",NA,11610,0.4108,0.4954,0.4108,0.424,0.0846,0.0132,15.60283688,"loligo_8channel","",0.00326029866666667,0.00270667095420044,0.003205798,0.003533436,3,-0.0108730326666667,68.87473,92,"500 여tm"
"25","10/26/2021",8,"LoLigo_data","CH2","Run_3_raw.txt",-0.009493913,-0.009542181,-0.009542181,0.4,"fed","D","8_D",2,NA,"3","High food",NA,11400,0.4137,0.5085,0.4135,0.4235,0.0948,0.01,10.54852321,"loligo_8channel","",0.00326029866666667,0.00270667095420044,0.003205798,0.003533436,3,-0.0127542116666667,68.85583,92,"500 여tm"
"26","10/26/2021",8,"LoLigo_data","CH3","Run_1_raw.txt",-0.007646267,-0.007631029,-0.007631029,0.4,"fed","C","8_C",1,NA,"1","High food",NA,14070,0.4196,0.5996,0.4132,0.4326,0.18,0.0194,10.77777778,"loligo_8channel","",0.00326029866666667,0.00270667095420044,0.003205798,0.003533436,3,-0.0109065656666667,68.87473,92,"500 여tm"
"27","10/26/2021",8,"SDR_data","A1","20211026_resp_unfed.csv",-0.011341037,-0.015774878,-0.015214384,0.4,"unfed","A","8_A",1,NA,"1_B","Low food",NA,3228.52,NA,NA,NA,NA,NA,NA,NA,"SDR_24channel","",0.00746891625,0.00112635501842133,0.007798133,0.0078352595,4,-0.01880995325,2.2,92,"500 여tm"
"28","10/26/2021",8,"SDR_data","B3","20211026_resp_unfed.csv",-0.010190065,-0.011062855,-0.011052089,0.4,"unfed","C","8_C",1,NA,"1_B","Low food",NA,2167.19,NA,NA,NA,NA,NA,NA,NA,"SDR_24channel","",0.00746891625,0.00112635501842133,0.007798133,0.0078352595,4,-0.01765898125,2.2,92,"500 여tm"
"29","10/26/2021",8,"SDR_data","A5","20211026_resp_unfed.csv",-0.02069943,-0.020453082,-0.020453082,0.4,"unfed","B","8_B",1,NA,"1_B","Low food",NA,2976.68,NA,NA,NA,NA,NA,NA,NA,"SDR_24channel","",0.00746891625,0.00112635501842133,0.007798133,0.0078352595,4,-0.02816834625,2.2,92,"500 여tm"
"30","10/26/2021",8,"SDR_data","C4","20211026_resp_unfed.csv",-0.022984674,-0.020619997,-0.020619997,0.4,"unfed","A","8_A",2,NA,"1_B","Low food",NA,3092.98,NA,NA,NA,NA,NA,NA,NA,"SDR_24channel","",0.00746891625,0.00112635501842133,0.007798133,0.0078352595,4,-0.03045359025,2.2,92,"500 여tm"
"31","10/26/2021",8,"SDR_data","C1","20211026_resp_unfed.csv",-0.017761879,-0.017727195,-0.017885862,0.4,"unfed","B","8_B",2,NA,"1_B","Low food",NA,3956.4,NA,NA,NA,NA,NA,NA,NA,"SDR_24channel","",0.00746891625,0.00112635501842133,0.007798133,0.0078352595,4,-0.02523079525,2.2,92,"500 여tm"
"32","10/26/2021",8,"SDR_data","C2","20211026_resp_unfed.csv",-0.009876604,-0.008113693,-0.009168053,0.4,"unfed","D","8_D",1,NA,"1_B","Low food",NA,2355.83,NA,NA,NA,NA,NA,NA,NA,"SDR_24channel","",0.00746891625,0.00112635501842133,0.007798133,0.0078352595,4,-0.01734552025,2.2,92,"500 여tm"
"33","10/26/2021",8,"SDR_data","D1","20211026_resp_unfed.csv",-0.006046565,-0.006172487,-0.015941198,0.4,"unfed","C","8_C",2,NA,"1_B","Low food",NA,2233.2,NA,NA,NA,NA,NA,NA,NA,"SDR_24channel","",0.00746891625,0.00112635501842133,0.007798133,0.0078352595,4,-0.01351548125,2.2,92,"500 여tm"
"34","10/26/2021",8,"SDR_data","C6","20211026_resp_unfed.csv",-0.035381101,-0.035423216,-0.035423216,0.4,"unfed","D","8_D",2,NA,"1_B","Low food",NA,4715.58,NA,NA,NA,NA,NA,NA,NA,"SDR_24channel","",0.00746891625,0.00112635501842133,0.007798133,0.0078352595,4,-0.04285001725,2.2,92,"500 여tm"
"35","9/14/2021",7.5,"LoLigo_data","CH5","Run_1_restart_raw.txt",-0.003560874,-0.003877939,-0.003877939,0.4,NA,"A","7.5_A",1,NA,"1","High food","(6482.01, 2202.28)",1970.48,NA,NA,NA,NA,NA,NA,NA,"loligo_8channel","",0.00371042133333333,0.000753148190773458,0.00389676033333333,0.00376896633333333,3,-0.00727129533333333,1.7,50,"800 여tm"
"36","9/14/2021",7.5,"LoLigo_data","CH5","Run_2_raw.txt",-0.00525218,-0.004583581,-0.004583581,0.4,NA,"D","7.5_D",1,NA,"2","High food","(8419.03, 8245.17)",2726.53,NA,NA,NA,NA,NA,NA,NA,"loligo_8channel","",0.00371042133333333,0.000753148190773458,0.00389676033333333,0.00376896633333333,3,-0.00896260133333333,1.7,50,"800 여tm"
"37","9/14/2021",7.5,"LoLigo_data","CH5","Run_3_raw.txt",-0.010199906,-0.017487813,-0.017487813,0.4,NA,"C","7.5_C",2,NA,"3","High food","(8514.88, 6595.69)",2687.51,NA,NA,NA,NA,NA,NA,NA,"loligo_8channel","",0.00371042133333333,0.000753148190773458,0.00389676033333333,0.00376896633333333,3,-0.0139103273333333,1.7,50,"800 여tm"
"38","9/14/2021",7.5,"LoLigo_data","CH5","Run_4_raw.txt",-0.039783465,-0.033149311,-0.033149311,0.4,NA,"B","7.5_B",3,NA,"4","High food","(9375.28, 5737.51)",3163.95,NA,NA,NA,NA,NA,NA,NA,"loligo_8channel","SMASHED",0.00371042133333333,0.000753148190773458,0.00389676033333333,0.00376896633333333,3,-0.0434938863333333,1.7,50,"800 여tm"
"39","9/14/2021",7.5,"LoLigo_data","CH6","Run_1_restart_raw.txt",-0.012859944,-0.009257395,-0.009257395,0.4,NA,"B","7.5_B",1,NA,"1","High food","(7311.20, 2193.36)",2097.18,NA,NA,NA,NA,NA,NA,NA,"loligo_8channel","",0.00371042133333333,0.000753148190773458,0.00389676033333333,0.00376896633333333,3,-0.0165703653333333,1.7,50,"800 여tm"
"40","9/14/2021",7.5,"LoLigo_data","CH6","Run_2_raw.txt",-0.017212547,-0.016228014,-0.016228014,0.4,NA,"A","7.5_A",2,NA,"2","High food","(5762.03, 3169.67)",2212.22,NA,NA,NA,NA,NA,NA,NA,"loligo_8channel","",0.00371042133333333,0.000753148190773458,0.00389676033333333,0.00376896633333333,3,-0.0209229683333333,1.7,50,"800 여tm"
"41","9/14/2021",7.5,"LoLigo_data","CH6","Run_3_raw.txt",-0.016793468,-0.016793468,-0.017514157,0.4,NA,"D","7.5_D",2,NA,"3","High food","(7206.44, 6401.76)",2659.1,NA,NA,NA,NA,NA,NA,NA,"loligo_8channel","",0.00371042133333333,0.000753148190773458,0.00389676033333333,0.00376896633333333,3,-0.0205038893333333,1.7,50,"800 여tm"
"42","9/14/2021",7.5,"LoLigo_data","CH6","Run_4_raw.txt",-0.011153962,-0.011153962,-0.011620813,0.4,NA,"C","7.5_C",3,NA,"4","High food","(8844.77, 4150.45)",2150.83,NA,NA,NA,NA,NA,NA,NA,"loligo_8channel","",0.00371042133333333,0.000753148190773458,0.00389676033333333,0.00376896633333333,3,-0.0148643833333333,1.7,50,"800 여tm"
"43","9/14/2021",7.5,"LoLigo_data","CH7","Run_1_restart_raw.txt",-0.006948406,-0.006874079,-0.004894166,0.4,NA,"C","7.5_C",1,NA,"1","High food","(7391.45, 5889.09)",2880.12,NA,NA,NA,NA,NA,NA,NA,"loligo_8channel","",0.00371042133333333,0.000753148190773458,0.00389676033333333,0.00376896633333333,3,-0.0106588273333333,1.7,50,"800 여tm"
"44","9/14/2021",7.5,"LoLigo_data","CH7","Run_2_raw.txt",-0.025268528,-0.025268528,-0.027153668,0.4,NA,"B","7.5_B",2,NA,"2","High food","(7242.10, 4874.88)",2822.12,NA,NA,NA,NA,NA,NA,NA,"loligo_8channel","",0.00371042133333333,0.000753148190773458,0.00389676033333333,0.00376896633333333,3,-0.0289789493333333,1.7,50,"800 여tm"
"45","9/14/2021",7.5,"LoLigo_data","CH7","Run_3_raw.txt",-0.013958906,-0.013630234,-0.013630234,0.4,NA,"A","7.5_A",3,NA,"3","High food","(7522.96, 5556.96)",2253.05,NA,NA,NA,NA,NA,NA,NA,"loligo_8channel","",0.00371042133333333,0.000753148190773458,0.00389676033333333,0.00376896633333333,3,-0.0176693273333333,1.7,50,"800 여tm"
"46","9/14/2021",7.5,"LoLigo_data","CH7","Run_4_raw.txt",-0.01187373,-0.011446904,-0.011446904,0.4,NA,"D","7.5_D",3,NA,"4","High food","(4368.89, 4088.03)",1916.71,NA,NA,NA,NA,NA,NA,NA,"loligo_8channel","",0.00371042133333333,0.000753148190773458,0.00389676033333333,0.00376896633333333,3,-0.0155841513333333,1.7,50,"800 여tm"
"47","9/14/2021",8,"LoLigo_data","CH1","Run_1_restart_raw.txt",-0.010587851,-0.009035176,-0.010864213,0.4,NA,"A","8_A",1,NA,"1","High food","(4803.55, 5779.86)",1737.49,NA,NA,NA,NA,NA,NA,NA,"loligo_8channel","",0.00363540425,0.00216603413493484,0.003681517,0.00344172725,4,-0.01422325525,1.7,50,"500 여tm"
"48","9/14/2021",8,"LoLigo_data","CH1","Run_2_raw.txt",0.000995514,0.002014487,0.002014487,0.4,NA,"D","8_D",1,NA,"2","High food","(3437.16, 4453.59)",2692.97,NA,NA,NA,NA,NA,NA,NA,"loligo_8channel","",0.00363540425,0.00216603413493484,0.003681517,0.00344172725,4,-0.00263989025,1.7,50,"500 여tm"
"49","9/14/2021",8,"LoLigo_data","CH1","Run_3_raw.txt",-0.01067604,-0.01067604,-0.01067604,0.4,NA,"C","8_C",2,NA,"3","High food","(9281.66, 3506.26)",2452.71,NA,NA,NA,NA,NA,NA,NA,"loligo_8channel","",0.00363540425,0.00216603413493484,0.003681517,0.00344172725,4,-0.01431144425,1.7,50,"500 여tm"
"50","9/14/2021",8,"LoLigo_data","CH1","Run_4_raw.txt",-0.023347062,-0.024112016,-0.024112016,0.4,NA,"B","8_B",3,NA,"4","High food","(3677.89, 5193.63)",2139.34,NA,NA,NA,NA,NA,NA,NA,"loligo_8channel","",0.00363540425,0.00216603413493484,0.003681517,0.00344172725,4,-0.02698246625,1.7,50,"500 여tm"
"51","9/14/2021",8,"LoLigo_data","CH2","Run_1_restart_raw.txt",-0.020274655,-0.020686323,-0.020829641,0.4,NA,"B","8_B",1,NA,"1","High food","(4892.71, 4471.43)",2709.79,NA,NA,NA,NA,NA,NA,NA,"loligo_8channel","",0.00363540425,0.00216603413493484,0.003681517,0.00344172725,4,-0.02391005925,1.7,50,"500 여tm"
"52","9/14/2021",8,"LoLigo_data","CH2","Run_2_raw.txt",-0.014318089,-0.014403962,-0.022538015,0.4,NA,"A","8_A",2,NA,"2","High food","(6658.10, 5013.08)",2974,NA,NA,NA,NA,NA,NA,NA,"loligo_8channel","",0.00363540425,0.00216603413493484,0.003681517,0.00344172725,4,-0.01795349325,1.7,50,"500 여tm"
"53","9/14/2021",8,"LoLigo_data","CH2","Run_3_raw.txt",-0.002221288,-0.00212516,-0.00212516,0.4,NA,"D","8_D",2,NA,"3","High food","(6399.53, 3372.52)",3491.29,NA,NA,NA,NA,NA,NA,NA,"loligo_8channel","",0.00363540425,0.00216603413493484,0.003681517,0.00344172725,4,-0.00585669225,1.7,50,"500 여tm"
"54","9/14/2021",8,"LoLigo_data","CH2","Run_4_raw.txt",-0.010473817,-0.010181862,-0.010071224,0.4,NA,"C","8_C",3,NA,"4","High food","(7670.08, 4680.95)",1796.06,NA,NA,NA,NA,NA,NA,NA,"loligo_8channel","",0.00363540425,0.00216603413493484,0.003681517,0.00344172725,4,-0.01410922125,1.7,50,"500 여tm"
"55","9/14/2021",8,"LoLigo_data","CH3","Run_1_restart_raw.txt",-0.00680989,-0.005212074,-0.005212074,0.4,NA,"C","8_C",1,NA,"1","High food","(5062.12, 4964.04)",2281.73,NA,NA,NA,NA,NA,NA,NA,"loligo_8channel","",0.00363540425,0.00216603413493484,0.003681517,0.00344172725,4,-0.01044529425,1.7,50,"500 여tm"
"56","9/14/2021",8,"LoLigo_data","CH3","Run_2_raw.txt",-0.010489214,-0.008507836,-0.008507836,0.4,NA,"B","8_B",2,NA,"2","High food","(7275.54, 4475.88)",2109.65,NA,NA,NA,NA,NA,NA,NA,"loligo_8channel","",0.00363540425,0.00216603413493484,0.003681517,0.00344172725,4,-0.01412461825,1.7,50,"500 여tm"
"57","9/14/2021",8,"LoLigo_data","CH3","Run_3_raw.txt",-0.001386829,-0.00246828,-0.00246828,0.4,NA,"A","8_A",3,NA,"3","High food","(4638.60, 4857.05)",1974.36,NA,NA,NA,NA,NA,NA,NA,"loligo_8channel","",0.00363540425,0.00216603413493484,0.003681517,0.00344172725,4,-0.00502223325,1.7,50,"500 여tm"
"58","9/14/2021",8,"LoLigo_data","CH3","Run_4_raw.txt",-0.02412035,-0.022896295,-0.022896295,0.4,NA,"D","8_D",3,NA,"4","High food","(8994.12, 2935.63)",2969.72,NA,NA,NA,NA,NA,NA,NA,"loligo_8channel","",0.00363540425,0.00216603413493484,0.003681517,0.00344172725,4,-0.02775575425,1.7,50,"500 여tm"
"59","9/30/2021",7.5,"SDR_data","B4","RR_9.30.21_AM_Plate_1_Run_1.csv",-0.005607307,-0.006073077,-0.006073077,0.4,"unfed","B","7.5_B",2,1,"1","Low food",NA,2371.08,NA,NA,NA,NA,NA,NA,NA,"SDR_24channel","",0.0135890261111111,0.00699150339900233,0.0142057648888889,0.011771036,9,-0.0191963331111111,2.2,66,"800 여tm"
"60","9/30/2021",7.5,"SDR_data","C1","RR_9.30.21_AM_Plate_2_Run_1.csv",-0.060825102,-0.060825102,-0.060825102,0.4,"fed","C","7.5_C",1,2,"1","High food",NA,3406.03,NA,NA,NA,NA,NA,NA,NA,"SDR_24channel","",0.0135890261111111,0.00699150339900233,0.0142057648888889,0.011771036,9,-0.0744141281111111,2.2,66,"800 여tm"
"61","9/30/2021",7.5,"SDR_data","A1","RR_9.30.21_PM_Plate_2_Run_2.csv",-0.060272009,-0.06112972,-0.06112972,0.4,"fed","A","7.5_A",4,2,"2","High food",NA,3826.27,NA,NA,NA,NA,NA,NA,NA,"SDR_24channel","",0.0135890261111111,0.00699150339900233,0.0142057648888889,0.011771036,9,-0.0738610351111111,2.2,66,"800 여tm"
"62","9/30/2021",7.5,"SDR_data","A4","RR_9.30.21_PM_Plate_2_Run_2.csv",-0.016758975,-0.017881395,-0.017881395,0.4,"unfed","C","7.5_C",4,2,"2","Low food",NA,2617.18,NA,NA,NA,NA,NA,NA,NA,"SDR_24channel","",0.0135890261111111,0.00699150339900233,0.0142057648888889,0.011771036,9,-0.0303480011111111,2.2,66,"800 여tm"
"63","9/30/2021",7.5,"SDR_data","A2","RR_9.30.21_AM_Plate_1_Run_1.csv",-0.011390006,-0.010913798,-0.010913798,0.4,"fed","C","7.5_C",3,1,"1","High food",NA,2646.79,NA,NA,NA,NA,NA,NA,NA,"SDR_24channel","",0.0135890261111111,0.00699150339900233,0.0142057648888889,0.011771036,9,-0.0249790321111111,2.2,66,"800 여tm"
"64","9/30/2021",7.5,"SDR_data","C3","RR_9.30.21_PM_Plate_1_Run_2.csv",-0.071819786,-0.072100141,-0.072100141,0.4,"fed","D","7.5_D",4,1,"2","High food",NA,3661.37,NA,NA,NA,NA,NA,NA,NA,"SDR_24channel","",0.0135890261111111,0.00699150339900233,0.0142057648888889,0.011771036,9,-0.0854088121111111,2.2,66,"800 여tm"
"65","9/30/2021",7.5,"SDR_data","C1","RR_9.30.21_PM_Plate_1_Run_2.csv",-0.0296,0.011656487,0.011656487,0.4,"unfed","C","7.5_C",5,1,"2","Low food",NA,2392.46,NA,NA,NA,NA,NA,NA,NA,"SDR_24channel","",0.0135890261111111,0.00699150339900233,0.0142057648888889,0.011771036,9,-0.0431890261111111,2.2,66,"800 여tm"
"66","9/30/2021",7.5,"SDR_data","A1","RR_9.30.21_AM_Plate_2_Run_1.csv",-0.02319824,-0.023922838,-0.023922838,0.4,"fed","B","7.5_B",1,2,"1","High food",NA,3561.09,NA,NA,NA,NA,NA,NA,NA,"SDR_24channel","",0.0135890261111111,0.00699150339900233,0.0142057648888889,0.011771036,9,-0.0367872661111111,2.2,66,"800 여tm"
"67","9/30/2021",7.5,"SDR_data","C4","RR_9.30.21_AM_Plate_2_Run_1.csv",-0.035088667,-0.030288722,-0.030288722,0.4,"fed","D","7.5_D",1,2,"1","High food",NA,3236.79,NA,NA,NA,NA,NA,NA,NA,"SDR_24channel","",0.0135890261111111,0.00699150339900233,0.0142057648888889,0.011771036,9,-0.0486776931111111,2.2,66,"800 여tm"
"68","9/30/2021",7.5,"SDR_data","A3","RR_9.30.21_AM_Plate_2_Run_1.csv",-0.013403665,-0.013551738,-0.013551738,0.4,"unfed","A","7.5_A",1,2,"1","Low food",NA,2647.12,NA,NA,NA,NA,NA,NA,NA,"SDR_24channel","",0.0135890261111111,0.00699150339900233,0.0142057648888889,0.011771036,9,-0.0269926911111111,2.2,66,"800 여tm"
"69","9/30/2021",7.5,"SDR_data","A3","RR_9.30.21_PM_Plate_2_Run_2.csv",-0.015246753,-0.017026417,-0.017026417,0.4,"unfed","B","7.5_B",5,2,"2","Low food",NA,2569.93,NA,NA,NA,NA,NA,NA,NA,"SDR_24channel","",0.0135890261111111,0.00699150339900233,0.0142057648888889,0.011771036,9,-0.0288357791111111,2.2,66,"800 여tm"
"70","9/30/2021",7.5,"SDR_data","A4","RR_9.30.21_AM_Plate_1_Run_1.csv",-0.006090387,-0.0061403,-0.0061403,0.4,"unfed","C","7.5_C",2,1,"1","Low food",NA,2773.61,NA,NA,NA,NA,NA,NA,NA,"SDR_24channel","",0.0135890261111111,0.00699150339900233,0.0142057648888889,0.011771036,9,-0.0196794131111111,2.2,66,"800 여tm"
"71","9/30/2021",7.5,"SDR_data","C1","RR_9.30.21_PM_Plate_2_Run_2.csv",-0.071694092,-0.066914291,-0.066914291,0.4,"fed","D","7.5_D",5,2,"2","High food",NA,5311.22,NA,NA,NA,NA,NA,NA,NA,"SDR_24channel","",0.0135890261111111,0.00699150339900233,0.0142057648888889,0.011771036,9,-0.0852831181111111,2.2,66,"800 여tm"
"72","9/30/2021",7.5,"SDR_data","C5","RR_9.30.21_PM_Plate_2_Run_2.csv",-0.076034441,-0.076034441,-0.076034441,0.4,"fed","C","7.5_C",5,2,"2","High food",NA,3425.45,NA,NA,NA,NA,NA,NA,NA,"SDR_24channel","",0.0135890261111111,0.00699150339900233,0.0142057648888889,0.011771036,9,-0.0896234671111111,2.2,66,"800 여tm"
"73","9/30/2021",7.5,"SDR_data","A5","RR_9.30.21_AM_Plate_1_Run_1.csv",-0.002463294,-0.003383279,-0.003383279,0.4,"fed","B","7.5_B",3,1,"1","High food",NA,2734.68,NA,NA,NA,NA,NA,NA,NA,"SDR_24channel","",0.0135890261111111,0.00699150339900233,0.0142057648888889,0.011771036,9,-0.0160523201111111,2.2,66,"800 여tm"
"74","9/30/2021",7.5,"SDR_data","A5","RR_9.30.21_PM_Plate_1_Run_2.csv",-0.048434881,-0.042742884,-0.034068589,0.4,"fed","C","7.5_C",4,1,"2","High food",NA,5218.02,NA,NA,NA,NA,NA,NA,NA,"SDR_24channel","",0.0135890261111111,0.00699150339900233,0.0142057648888889,0.011771036,9,-0.0620239071111111,2.2,66,"800 여tm"
"75","9/30/2021",7.5,"SDR_data","A6","RR_9.30.21_AM_Plate_1_Run_1.csv",-0.003747687,-0.002758801,-0.003063943,0.4,"unfed","A","7.5_A",2,1,"1","Low food",NA,2768.54,NA,NA,NA,NA,NA,NA,NA,"SDR_24channel","",0.0135890261111111,0.00699150339900233,0.0142057648888889,0.011771036,9,-0.0173367131111111,2.2,66,"800 여tm"
"76","9/30/2021",7.5,"SDR_data","C3","RR_9.30.21_AM_Plate_2_Run_1.csv",-0.042199356,-0.04232251,-0.044504324,0.4,"fed","C","7.5_C",2,2,"1","High food",NA,3916.36,NA,NA,NA,NA,NA,NA,NA,"SDR_24channel","",0.0135890261111111,0.00699150339900233,0.0142057648888889,0.011771036,9,-0.0557883821111111,2.2,66,"800 여tm"
"77","9/30/2021",7.5,"SDR_data","B1","RR_9.30.21_AM_Plate_2_Run_1.csv",-0.044659993,-0.046472226,-0.046472226,0.4,"unfed","B","7.5_B",1,2,"1","Low food",NA,3905.44,NA,NA,NA,NA,NA,NA,NA,"SDR_24channel","",0.0135890261111111,0.00699150339900233,0.0142057648888889,0.011771036,9,-0.0582490191111111,2.2,66,"800 여tm"
"78","9/30/2021",7.5,"SDR_data","D2","RR_9.30.21_AM_Plate_2_Run_1.csv",-0.024800883,-0.024800883,-0.024800883,0.4,"fed","A","7.5_A",1,2,"1","High food",NA,3740.03,NA,NA,NA,NA,NA,NA,NA,"SDR_24channel","",0.0135890261111111,0.00699150339900233,0.0142057648888889,0.011771036,9,-0.0383899091111111,2.2,66,"800 여tm"
"79","9/30/2021",7.5,"SDR_data","B6","RR_9.30.21_AM_Plate_1_Run_1.csv",-0.0406943,-0.039086538,-0.039086538,0.4,"fed","A","7.5_A",3,1,"1","High food",NA,NA,NA,NA,NA,NA,NA,NA,NA,"SDR_24channel","",0.0135890261111111,0.00699150339900233,0.0142057648888889,0.011771036,9,-0.0542833261111111,2.2,66,"800 여tm"
"80","9/30/2021",7.5,"SDR_data","D2","RR_9.30.21_PM_Plate_2_Run_2.csv",-0.035990775,-0.032538112,-0.032538112,0.4,"fed","B","7.5_B",5,2,"2","High food",NA,3971.07,NA,NA,NA,NA,NA,NA,NA,"SDR_24channel","",0.0135890261111111,0.00699150339900233,0.0142057648888889,0.011771036,9,-0.0495798011111111,2.2,66,"800 여tm"
"81","9/30/2021",7.5,"SDR_data","D3","RR_9.30.21_AM_Plate_1_Run_1.csv",-0.008707869,-0.017162587,-0.017162587,0.4,"unfed","A","7.5_A",3,1,"1","Low food",NA,2995.63,NA,NA,NA,NA,NA,NA,NA,"SDR_24channel","",0.0135890261111111,0.00699150339900233,0.0142057648888889,0.011771036,9,-0.0222968951111111,2.2,66,"800 여tm"
"82","9/30/2021",7.5,"SDR_data","D3","RR_9.30.21_AM_Plate_2_Run_1.csv",-0.008769313,-0.008193755,-0.011362937,0.4,"fed","A","7.5_A",2,2,"1","High food",NA,2535.63,NA,NA,NA,NA,NA,NA,NA,"SDR_24channel","",0.0135890261111111,0.00699150339900233,0.0142057648888889,0.011771036,9,-0.0223583391111111,2.2,66,"800 여tm"
"83","9/30/2021",7.5,"SDR_data","D3","RR_9.30.21_PM_Plate_1_Run_2.csv",-0.020172789,-0.020440385,-0.020440385,0.4,"unfed","B","7.5_B",4,1,"2","Low food",NA,2849.95,NA,NA,NA,NA,NA,NA,NA,"SDR_24channel","",0.0135890261111111,0.00699150339900233,0.0142057648888889,0.011771036,9,-0.0337618151111111,2.2,66,"800 여tm"
"84","9/30/2021",7.5,"SDR_data","B3","RR_9.30.21_PM_Plate_1_Run_2.csv",-0.091164448,-0.083056908,-0.094308243,0.4,"fed","A","7.5_A",5,1,"2","High food",NA,5202.82,NA,NA,NA,NA,NA,NA,NA,"SDR_24channel","",0.0135890261111111,0.00699150339900233,0.0142057648888889,0.011771036,9,-0.104753474111111,2.2,66,"800 여tm"
"85","9/30/2021",7.5,"SDR_data","D4","RR_9.30.21_AM_Plate_1_Run_1.csv",-0.032281323,-0.033818435,-0.033818435,0.4,"fed","D","7.5_D",3,1,"1","High food",NA,4074.55,NA,NA,NA,NA,NA,NA,NA,"SDR_24channel","",0.0135890261111111,0.00699150339900233,0.0142057648888889,0.011771036,9,-0.0458703491111111,2.2,66,"800 여tm"
"86","9/30/2021",7.5,"SDR_data","D4","RR_9.30.21_AM_Plate_2_Run_1.csv",-0.009878563,-0.006832885,-0.006832885,0.4,"fed","B","7.5_B",2,2,"1","High food",NA,2717.97,NA,NA,NA,NA,NA,NA,NA,"SDR_24channel","",0.0135890261111111,0.00699150339900233,0.0142057648888889,0.011771036,9,-0.0234675891111111,2.2,66,"800 여tm"
"87","9/30/2021",7.5,"SDR_data","B4","RR_9.30.21_AM_Plate_2_Run_1.csv",-0.038296231,-0.038406286,-0.038472629,0.4,"unfed","C","7.5_C",1,2,"1","Low food",NA,2696.91,NA,NA,NA,NA,NA,NA,NA,"SDR_24channel","",0.0135890261111111,0.00699150339900233,0.0142057648888889,0.011771036,9,-0.0518852571111111,2.2,66,"800 여tm"
"88","9/30/2021",7.5,"SDR_data","D4","RR_9.30.21_PM_Plate_2_Run_2.csv",-0.009831057,-0.008895896,-0.008895896,0.4,"unfed","D","7.5_D",4,2,"2","Low food",NA,1680.43,NA,NA,NA,NA,NA,NA,NA,"SDR_24channel","",0.0135890261111111,0.00699150339900233,0.0142057648888889,0.011771036,9,-0.0234200831111111,2.2,66,"800 여tm"
"89","9/30/2021",7.5,"SDR_data","B4","RR_9.30.21_PM_Plate_2_Run_2.csv",-0.052195059,-0.053835054,-0.053835054,0.4,"unfed","A","7.5_A",5,2,"2","Low food",NA,2981.4,NA,NA,NA,NA,NA,NA,NA,"SDR_24channel","",0.0135890261111111,0.00699150339900233,0.0142057648888889,0.011771036,9,-0.0657840851111111,2.2,66,"800 여tm"
"90","9/30/2021",7.5,"SDR_data","D5","RR_9.30.21_PM_Plate_1_Run_2.csv",-0.00987119,-0.010862112,-0.010862112,0.4,"unfed","A","7.5_A",4,1,"2","Low food",NA,2310.81,NA,NA,NA,NA,NA,NA,NA,"SDR_24channel","",0.0135890261111111,0.00699150339900233,0.0142057648888889,0.011771036,9,-0.0234602161111111,2.2,66,"800 여tm"
"91","9/30/2021",7.5,"SDR_data","D6","RR_9.30.21_AM_Plate_1_Run_1.csv",-0.000354881,-0.000726343,-0.000726343,0.4,"unfed","D","7.5_D",2,1,"1","Low food",NA,NA,NA,NA,NA,NA,NA,NA,NA,"SDR_24channel","",0.0135890261111111,0.00699150339900233,0.0142057648888889,0.011771036,9,-0.0139439071111111,2.2,66,"800 여tm"
"92","9/30/2021",7.5,"SDR_data","C4","RR_9.30.21_AM_Plate_1_Run_1.csv",-0.034674629,-0.035662543,-0.032043324,0.4,"fed","D","7.5_D",2,1,"1","High food",NA,3900.23,NA,NA,NA,NA,NA,NA,NA,"SDR_24channel","",0.0135890261111111,0.00699150339900233,0.0142057648888889,0.011771036,9,-0.0482636551111111,2.2,66,"800 여tm"
"93","9/30/2021",7.5,"SDR_data","D6","RR_9.30.21_PM_Plate_1_Run_2.csv",-0.020142053,-0.02075507,-0.02075507,0.4,"unfed","D","7.5_D",5,1,"2","Low food",NA,2588.62,NA,NA,NA,NA,NA,NA,NA,"SDR_24channel","",0.0135890261111111,0.00699150339900233,0.0142057648888889,0.011771036,9,-0.0337310791111111,2.2,66,"800 여tm"
"94","9/30/2021",7.5,"SDR_data","B6","RR_9.30.21_PM_Plate_1_Run_2.csv",-0.041746016,-0.041862069,-0.044505573,0.4,"fed","B","7.5_B",4,1,"2","High food",NA,4474.19,NA,NA,NA,NA,NA,NA,NA,"SDR_24channel","",0.0135890261111111,0.00699150339900233,0.0142057648888889,0.011771036,9,-0.0553350421111111,2.2,66,"800 여tm"
"95","9/30/2021",8,"SDR_data","A1","RR_9.30.21_AM_Plate_1_Run_1.csv",-0.014231378,-0.016586713,-0.016586713,0.4,"fed","D","8_D",2,1,"1","High food",NA,3102.14,NA,NA,NA,NA,NA,NA,NA,"SDR_24channel","",0.0111450128888889,0.00572529990148266,0.0120854326666667,0.0122455371111111,9,-0.0253763908888889,2.2,66,"500 여tm"
"96","9/30/2021",8,"SDR_data","C3","RR_9.30.21_AM_Plate_1_Run_1.csv",-0.023716498,-0.022182954,-0.023899126,0.4,"fed","D","8_D",3,1,"1","High food",NA,3353.75,NA,NA,NA,NA,NA,NA,NA,"SDR_24channel","CHIPPED",0.0111450128888889,0.00572529990148266,0.0120854326666667,0.0122455371111111,9,-0.0348615108888889,2.2,66,"500 여tm"
"97","9/30/2021",8,"SDR_data","B1","RR_9.30.21_AM_Plate_1_Run_1.csv",-0.018059621,-0.019072028,-0.019072028,0.4,"unfed","D","8_D",2,1,"1","Low food",NA,3134.22,NA,NA,NA,NA,NA,NA,NA,"SDR_24channel","",0.0111450128888889,0.00572529990148266,0.0120854326666667,0.0122455371111111,9,-0.0292046338888889,2.2,66,"500 여tm"
"98","9/30/2021",8,"SDR_data","D2","RR_9.30.21_AM_Plate_1_Run_1.csv",-0.061463126,-0.061643824,-0.062772935,0.4,"fed","A","8_A",3,1,"1","High food",NA,5080.44,NA,NA,NA,NA,NA,NA,NA,"SDR_24channel","",0.0111450128888889,0.00572529990148266,0.0120854326666667,0.0122455371111111,9,-0.0726081388888889,2.2,66,"500 여tm"
"99","9/30/2021",8,"SDR_data","A2","RR_9.30.21_AM_Plate_2_Run_1.csv",-0.061939892,-0.061079084,-0.061079084,0.4,"fed","D","8_D",1,2,"1","High food",NA,5545.94,NA,NA,NA,NA,NA,NA,NA,"SDR_24channel","",0.0111450128888889,0.00572529990148266,0.0120854326666667,0.0122455371111111,9,-0.0730849048888889,2.2,66,"500 여tm"
"100","9/30/2021",8,"SDR_data","A2","RR_9.30.21_PM_Plate_1_Run_2.csv",-0.027530921,-0.027114279,-0.027114279,0.4,"fed","C","8_C",4,1,"2","High food",NA,3008.54,NA,NA,NA,NA,NA,NA,NA,"SDR_24channel","",0.0111450128888889,0.00572529990148266,0.0120854326666667,0.0122455371111111,9,-0.0386759338888889,2.2,66,"500 여tm"
"101","9/30/2021",8,"SDR_data","A3","RR_9.30.21_AM_Plate_1_Run_1.csv",-0.006327417,-0.008564219,-0.008564219,0.4,"unfed","B","8_B",2,1,"1","Low food",NA,2852.4,NA,NA,NA,NA,NA,NA,NA,"SDR_24channel","",0.0111450128888889,0.00572529990148266,0.0120854326666667,0.0122455371111111,9,-0.0174724298888889,2.2,66,"500 여tm"
"102","9/30/2021",8,"SDR_data","C4","RR_9.30.21_PM_Plate_1_Run_2.csv",-0.01952776,-0.018372735,-0.018372735,0.4,"unfed","B","8_B",4,1,"2","Low food",NA,3456.24,NA,NA,NA,NA,NA,NA,NA,"SDR_24channel","",0.0111450128888889,0.00572529990148266,0.0120854326666667,0.0122455371111111,9,-0.0306727728888889,2.2,66,"500 여tm"
"103","9/30/2021",8,"SDR_data","C5","RR_9.30.21_AM_Plate_1_Run_1.csv",-0.039770064,-0.039577449,-0.039577449,0.4,"fed","C","8_C",3,1,"1","High food",NA,3528.6,NA,NA,NA,NA,NA,NA,NA,"SDR_24channel","",0.0111450128888889,0.00572529990148266,0.0120854326666667,0.0122455371111111,9,-0.0509150768888889,2.2,66,"500 여tm"
"104","9/30/2021",8,"SDR_data","C5","RR_9.30.21_AM_Plate_2_Run_1.csv",-0.045371343,-0.044857517,-0.044857517,0.4,"unfed","B","8_B",1,2,"1","Low food",NA,4063.04,NA,NA,NA,NA,NA,NA,NA,"SDR_24channel","",0.0111450128888889,0.00572529990148266,0.0120854326666667,0.0122455371111111,9,-0.0565163558888889,2.2,66,"500 여tm"
"105","9/30/2021",8,"SDR_data","A4","RR_9.30.21_AM_Plate_2_Run_1.csv",-0.025955415,-0.023560211,-0.023560211,0.4,"fed","B","8_B",1,2,"1","High food",NA,4277.99,NA,NA,NA,NA,NA,NA,NA,"SDR_24channel","",0.0111450128888889,0.00572529990148266,0.0120854326666667,0.0122455371111111,9,-0.0371004278888889,2.2,66,"500 여tm"
"106","9/30/2021",8,"SDR_data","B3","RR_9.30.21_PM_Plate_2_Run_2.csv",-0.027826815,-0.033361445,-0.033361445,0.4,"fed","A","8_A",4,2,"2","High food",NA,2569.09,NA,NA,NA,NA,NA,NA,NA,"SDR_24channel","",0.0111450128888889,0.00572529990148266,0.0120854326666667,0.0122455371111111,9,-0.0389718278888889,2.2,66,"500 여tm"
"107","9/30/2021",8,"SDR_data","C6","RR_9.30.21_AM_Plate_2_Run_1.csv",-0.077853394,-0.077483617,-0.078761933,0.4,"fed","B","8_B",2,2,"1","High food",NA,5084.03,NA,NA,NA,NA,NA,NA,NA,"SDR_24channel","",0.0111450128888889,0.00572529990148266,0.0120854326666667,0.0122455371111111,9,-0.0889984068888889,2.2,66,"500 여tm"
"108","9/30/2021",8,"SDR_data","D1","RR_9.30.21_AM_Plate_1_Run_1.csv",-0.0055679,-0.005447198,-0.005447198,0.4,"unfed","A","8_A",2,1,"1","Low food",NA,2741.79,NA,NA,NA,NA,NA,NA,NA,"SDR_24channel","",0.0111450128888889,0.00572529990148266,0.0120854326666667,0.0122455371111111,9,-0.0167129128888889,2.2,66,"500 여tm"
"109","9/30/2021",8,"SDR_data","D1","RR_9.30.21_AM_Plate_2_Run_1.csv",-0.005440974,-0.005732168,-0.005732168,0.4,"unfed","A","8_A",1,2,"1","Low food",NA,2338.16,NA,NA,NA,NA,NA,NA,NA,"SDR_24channel","",0.0111450128888889,0.00572529990148266,0.0120854326666667,0.0122455371111111,9,-0.0165859868888889,2.2,66,"500 여tm"
"110","9/30/2021",8,"SDR_data","D5","RR_9.30.21_AM_Plate_2_Run_1.csv",-0.019950677,-0.020109317,-0.020542657,0.4,"fed","A","8_A",1,2,"1","High food",NA,3726.56,NA,NA,NA,NA,NA,NA,NA,"SDR_24channel","",0.0111450128888889,0.00572529990148266,0.0120854326666667,0.0122455371111111,9,-0.0310956898888889,2.2,66,"500 여tm"
"111","9/30/2021",8,"SDR_data","B5","RR_9.30.21_AM_Plate_1_Run_1.csv",-0.012363348,-0.005850704,-0.014501864,0.4,"unfed","A","8_A",3,1,"1","Low food",NA,2926.51,NA,NA,NA,NA,NA,NA,NA,"SDR_24channel","",0.0111450128888889,0.00572529990148266,0.0120854326666667,0.0122455371111111,9,-0.0235083608888889,2.2,66,"500 여tm"
"112","9/30/2021",8,"SDR_data","B1","RR_9.30.21_PM_Plate_1_Run_2.csv",-0.063758498,-0.062861342,-0.062861342,0.4,"fed","A","8_A",5,1,"2","High food",NA,4532.4,NA,NA,NA,NA,NA,NA,NA,"SDR_24channel","",0.0111450128888889,0.00572529990148266,0.0120854326666667,0.0122455371111111,9,-0.0749035108888889,2.2,66,"500 여tm"
"113","9/30/2021",8,"SDR_data","B2","RR_9.30.21_AM_Plate_2_Run_1.csv",-0.039496869,-0.042722028,-0.042722028,0.4,"unfed","D","8_D",1,2,"1","Low food",NA,3548.86,NA,NA,NA,NA,NA,NA,NA,"SDR_24channel","",0.0111450128888889,0.00572529990148266,0.0120854326666667,0.0122455371111111,9,-0.0506418818888889,2.2,66,"500 여tm"
"114","9/30/2021",8,"SDR_data","B2","RR_9.30.21_PM_Plate_1_Run_2.csv",-0.021585301,-0.020657551,-0.020657551,0.4,"unfed","B","8_B",5,1,"2","Low food",NA,2975.12,NA,NA,NA,NA,NA,NA,NA,"SDR_24channel","",0.0111450128888889,0.00572529990148266,0.0120854326666667,0.0122455371111111,9,-0.0327303138888889,2.2,66,"500 여tm"
"115","9/30/2021",8,"SDR_data","B2","RR_9.30.21_PM_Plate_2_Run_2.csv",-0.044484343,-0.044918738,-0.044918738,0.4,"fed","D","8_D",5,2,"2","High food",NA,3569.03,NA,NA,NA,NA,NA,NA,NA,"SDR_24channel","",0.0111450128888889,0.00572529990148266,0.0120854326666667,0.0122455371111111,9,-0.0556293558888889,2.2,66,"500 여tm"
"116","9/30/2021",8,"SDR_data","B2","RR_9.30.21_PM_Plate_2_Run_2.csv",-0.044484343,-0.044918738,-0.044918738,0.4,"fed","D","8_D",5,2,"2","High food",NA,4130.83,NA,NA,NA,NA,NA,NA,NA,"SDR_24channel","",0.0111450128888889,0.00572529990148266,0.0120854326666667,0.0122455371111111,9,-0.0556293558888889,2.2,66,"500 여tm"
"117","9/30/2021",8,"SDR_data","B3","RR_9.30.21_AM_Plate_1_Run_1.csv",-0.061678065,-0.06361811,-0.06361811,0.4,"fed","B","8_B",3,1,"1","High food",NA,4725.11,NA,NA,NA,NA,NA,NA,NA,"SDR_24channel","",0.0111450128888889,0.00572529990148266,0.0120854326666667,0.0122455371111111,9,-0.0728230778888889,2.2,66,"500 여tm"
"118","9/30/2021",8,"SDR_data","D3","RR_9.30.21_PM_Plate_2_Run_2.csv",-0.02574623,-0.034585747,-0.034585747,0.4,"fed","B","8_B",5,2,"2","High food",NA,3841.53,NA,NA,NA,NA,NA,NA,NA,"SDR_24channel","",0.0111450128888889,0.00572529990148266,0.0120854326666667,0.0122455371111111,9,-0.0368912428888889,2.2,66,"500 여tm"
"119","9/30/2021",8,"SDR_data","C5","RR_9.30.21_PM_Plate_1_Run_2.csv",-0.015001514,-0.016512413,-0.016512413,0.4,"fed","C","8_C",5,1,"2","High food",NA,2291.39,NA,NA,NA,NA,NA,NA,NA,"SDR_24channel","",0.0111450128888889,0.00572529990148266,0.0120854326666667,0.0122455371111111,9,-0.0261465268888889,2.2,66,"500 여tm"
"120","9/30/2021",8,"SDR_data","C2","RR_9.30.21_AM_Plate_1_Run_1.csv",-0.032612385,-0.038393672,-0.038393672,0.4,"unfed","B","8_B",3,1,"1","Low food",NA,3162.5,NA,NA,NA,NA,NA,NA,NA,"SDR_24channel","",0.0111450128888889,0.00572529990148266,0.0120854326666667,0.0122455371111111,9,-0.0437573978888889,2.2,66,"500 여tm"
"121","9/30/2021",8,"SDR_data","D4","RR_9.30.21_PM_Plate_1_Run_2.csv",-0.012819495,-0.00979493,-0.00979493,0.4,"unfed","A","8_A",4,1,"2","Low food",NA,2794.6,NA,NA,NA,NA,NA,NA,NA,"SDR_24channel","",0.0111450128888889,0.00572529990148266,0.0120854326666667,0.0122455371111111,9,-0.0239645078888889,2.2,66,"500 여tm"
"122","9/30/2021",8,"SDR_data","B4","RR_9.30.21_PM_Plate_1_Run_2.csv",-0.022877261,-0.01908972,-0.01908972,0.4,"unfed","D","8_D",4,1,"2","Low food",NA,2216.96,NA,NA,NA,NA,NA,NA,NA,"SDR_24channel","",0.0111450128888889,0.00572529990148266,0.0120854326666667,0.0122455371111111,9,-0.0340222738888889,2.2,66,"500 여tm"
"123","9/30/2021",8,"SDR_data","D2","RR_9.30.21_PM_Plate_1_Run_2.csv",-0.004156137,-0.004043364,-0.003687577,0.4,"unfed","C","8_C",4,1,"2","Low food",NA,2515.39,NA,NA,NA,NA,NA,NA,NA,"SDR_24channel","",0.0111450128888889,0.00572529990148266,0.0120854326666667,0.0122455371111111,9,-0.0153011498888889,2.2,66,"500 여tm"
"124","9/30/2021",8,"SDR_data","D1","RR_9.30.21_PM_Plate_2_Run_2.csv",-0.021747968,-0.020099447,-0.020099447,0.4,"unfed","A","8_A",5,2,"2","Low food",NA,3121.74,NA,NA,NA,NA,NA,NA,NA,"SDR_24channel","",0.0111450128888889,0.00572529990148266,0.0120854326666667,0.0122455371111111,9,-0.0328929808888889,2.2,66,"500 여tm"
"125","9/30/2021",8,"SDR_data","B5","RR_9.30.21_AM_Plate_2_Run_1.csv",-0.031338536,-0.036114284,-0.036114284,0.4,"fed","A","8_A",2,2,"1","High food",NA,3833.44,NA,NA,NA,NA,NA,NA,NA,"SDR_24channel","",0.0111450128888889,0.00572529990148266,0.0120854326666667,0.0122455371111111,9,-0.0424835488888889,2.2,66,"500 여tm"
"126","9/30/2021",8,"SDR_data","B5","RR_9.30.21_PM_Plate_2_Run_2.csv",-0.059362427,-0.059504647,-0.058638363,0.4,"fed","B","8_B",4,2,"2","High food",NA,4939.21,NA,NA,NA,NA,NA,NA,NA,"SDR_24channel","",0.0111450128888889,0.00572529990148266,0.0120854326666667,0.0122455371111111,9,-0.0705074398888889,2.2,66,"500 여tm"
"127","9/30/2021",8,"SDR_data","C2","RR_9.30.21_AM_Plate_2_Run_1.csv",-0.016457391,-0.015783661,-0.015524827,0.4,"unfed","C","8_C",1,2,"1","Low food",NA,2772.19,NA,NA,NA,NA,NA,NA,NA,"SDR_24channel","",0.0111450128888889,0.00572529990148266,0.0120854326666667,0.0122455371111111,9,-0.0276024038888889,2.2,66,"500 여tm"
"128","9/30/2021",8,"SDR_data","D6","RR_9.30.21_PM_Plate_2_Run_2.csv",-0.009395247,-0.009402193,-0.009402193,0.4,"unfed","D","8_D",5,2,"2","Low food",NA,1872.86,NA,NA,NA,NA,NA,NA,NA,"SDR_24channel","",0.0111450128888889,0.00572529990148266,0.0120854326666667,0.0122455371111111,9,-0.0205402598888889,2.2,66,"500 여tm"
"129","9/30/2021",8,"SDR_data","C1","RR_9.30.21_AM_Plate_1_Run_1.csv",-0.016803644,-0.018084577,-0.018084577,0.4,"unfed","C","8_C",2,1,"1","Low food",NA,2339.1,NA,NA,NA,NA,NA,NA,NA,"SDR_24channel","",0.0111450128888889,0.00572529990148266,0.0120854326666667,0.0122455371111111,9,-0.0279486568888889,2.2,66,"500 여tm"
"130","9/30/2021",8,"SDR_data","C2","RR_9.30.21_AM_Plate_1_Run_1.csv",-0.032612385,-0.038393672,-0.038393672,0.4,"unfed","B","8_B",3,1,"1","Low food",NA,4098.8,NA,NA,NA,NA,NA,NA,NA,"SDR_24channel","",0.0111450128888889,0.00572529990148266,0.0120854326666667,0.0122455371111111,9,-0.0437573978888889,2.2,66,"500 여tm"
"131","9/30/2021",8,"SDR_data","C3","RR_9.30.21_PM_Plate_2_Run_2.csv",-0.017564088,-0.019164346,-0.019164346,0.4,"unfed","C","8_C",5,2,"2","Low food",NA,2441.63,NA,NA,NA,NA,NA,NA,NA,"SDR_24channel","",0.0111450128888889,0.00572529990148266,0.0120854326666667,0.0122455371111111,9,-0.0287091008888889,2.2,66,"500 여tm"
"132","9/30/2021",8,"SDR_data","D6","RR_9.30.21_AM_Plate_2_Run_1.csv",-0.008354212,-0.008796438,-0.008796438,0.4,"fed","C","8_C",2,2,"1","High food",NA,2994.94,NA,NA,NA,NA,NA,NA,NA,"SDR_24channel","",0.0111450128888889,0.00572529990148266,0.0120854326666667,0.0122455371111111,9,-0.0194992248888889,2.2,66,"500 여tm"
