Date,Fed_Unfed,pH,OA/pCO2 treat.,Salinity,t(oC)_spec,P_(dbars),Total P_(mmol/kgSW),Total Si_(mmol/kgSW),t(oC)_of_bucket,P_(dbars),TA_(mmol/kgSW),TCO2_(mmol/kgSW),pH_Chosen_scale_(4 decimals),CO2SYS_TA.DIC_pH_out,CO2SYS_TA.DIC_fCO2_out_(matm),CO2SYS_TA.DIC_pCO2_out_(matm),CO2SYS_TA.DIC_HCO3_out_(mmol/kgSW),CO2SYS_TA.DIC_CO3_out_(mmol/kgSW),CO2SYS_TA.DIC_CO2_out_(mmol/kgSW),CO2SYS_TA.DIC_B_Alk_out_(mmol/kgSW),CO2SYS_TA.DIC_OH_out_(mmol/kgSW),CO2SYS_TA.DIC_P_Alk_out_(mmol/kgSW),CO2SYS_TA.DIC_Si_Alk_out_(mmol/kgSW),CO2SYS_TA.DIC_Revelle_out,CO2SYS_TA.DIC_WCa_out,CO2SYS_TA.DIC_WAr_out,CO2SYS_TA.DIC_xCO2_out_(ppm),CO2SYS_TA.pH_pH_out,CO2SYS_TA.pH_fCO2_out_(matm),CO2SYS_TA.pH_pCO2_out_(matm),CO2SYS_TA.pH_HCO3_out_(mmol/kgSW),CO2SYS_TA.pH_CO3_out_(mmol/kgSW),CO2SYS_TA.pH_CO2_out_(mmol/kgSW),CO2SYS_TA.pH_B_Alk_out_(mmol/kgSW),CO2SYS_TA.pH_OH_out_(mmol/kgSW),CO2SYS_TA.pH_P_Alk_out_(mmol/kgSW),CO2SYS_TA.pH_Si_Alk_out_(mmol/kgSW),CO2SYS_TA.pH_Revelle_out,CO2SYS_TA.pH_WCa_out,CO2SYS_TA.pH_WAr_out,CO2SYS_TA.pH_xCO2_out_(ppm),CO2SYS_DIC.pH_pH_out,CO2SYS_DIC.pH_fCO2_out_(matm),CO2SYS_DIC.pH_pCO2_out_(matm),CO2SYS_DIC.pH_HCO3_out_(mmol/kgSW),CO2SYS_DIC.pH_CO3_out_(mmol/kgSW),CO2SYS_DIC.pH_CO2_out_(mmol/kgSW),CO2SYS_DIC.pH_B_Alk_out_(mmol/kgSW),CO2SYS_DIC.pH_OH_out_(mmol/kgSW),CO2SYS_DIC.pH_P_Alk_out_(mmol/kgSW),CO2SYS_DIC.pH_Si_Alk_out_(mmol/kgSW),CO2SYS_DIC.pH_Revelle_out,CO2SYS_DIC.pH_WCa_out,CO2SYS_DIC.pH_WAr_out,CO2SYS_DIC.pH_xCO2_out_(ppm)
9/14/2021,fed,7,7A,26.81,20.31,1,0,0,22.1,1,1860.32,1875.1,7.4854,7.35,1968.5,1975.1,1779.9,32.3,62.9,15,0.9,0,0,17.481,0.82,0.52,2027.5,7.463,1503.8,1508.8,1757.6,41.2,48.1,19.2,1.2,0,0,17.881,1.05,0.67,1548.8,7.463,1526.7,1531.8,1784.5,41.8,48.8,19.2,1.2,0,0,17.926,1.06,0.68,1572.4
9/14/2021,fed,7,7B,26.76,20.33,1,0,0,22.1,1,1891.22,1872.93,7.4786,7.48,1456.6,1461.4,1782.6,43.7,46.6,20,1.2,0,0,17.915,1.11,0.71,1500.2,7.456,1553.9,1559.1,1788.7,41.3,49.7,18.9,1.2,0,0,17.943,1.05,0.67,1600.4,7.456,1548.3,1553.5,1782.3,41.1,49.5,18.9,1.2,0,0,17.932,1.05,0.67,1594.7
9/14/2021,fed,7.5,7.5A,26.73,19.8,1,0,0,22.3,1,1890.16,1820.25,7.6727,7.68,904,907,1725,66.5,28.8,30.3,1.9,0,0,16.294,1.69,1.08,931.4,7.638,994.3,997.6,1737.8,61.3,31.6,27.9,1.8,0,0,16.762,1.56,1,1024.4,7.638,988.6,991.9,1727.8,61,31.5,27.9,1.8,0,0,16.741,1.55,0.99,1018.5
9/14/2021,fed,7.5,7.5B,26.42,20.24,1,0,0,22.3,1,1878.24,1824.38,7.6682,7.62,1031.1,1034.5,1733,58.5,32.9,26.6,1.7,0,0,17.009,1.49,0.95,1062.3,7.64,987.1,990.4,1727.5,60.7,31.5,27.6,1.8,0,0,16.814,1.55,0.99,1017,7.64,989.6,992.9,1732,60.8,31.5,27.6,1.8,0,0,16.823,1.55,0.99,1019.6
9/14/2021,fed,7.5,7.5C,26.73,19.92,1,0,0,22.3,1,1886.81,1822.17,7.6833,7.66,945.8,948.9,1728.3,63.8,30.1,29.1,1.9,0,0,16.524,1.63,1.04,974.4,7.65,963,966.2,1730.7,62.8,30.6,28.7,1.8,0,0,16.613,1.6,1.02,992.2,7.65,962,965.2,1728.8,62.8,30.6,28.7,1.8,0,0,16.609,1.6,1.02,991.1
9/14/2021,fed,7.5,7.5D,26.53,19.92,1,0,0,22.3,1,1874.01,1824.99,7.6714,7.6,1078.5,1082.1,1734.5,56.1,34.4,25.6,1.6,0,0,17.169,1.43,0.91,1111.1,7.639,986.7,990,1723.5,60.6,31.4,27.7,1.8,0,0,16.786,1.55,0.99,1016.6,7.639,991.9,995.2,1732.5,60.9,31.6,27.7,1.8,0,0,16.805,1.55,0.99,1021.9
9/14/2021,fed,8,8A,26.77,19.93,1,0,0,22.2,1,1889.82,1776.6,7.8377,7.82,624.1,626.2,1667.1,89.6,19.9,40.8,2.7,0,0,14.198,2.28,1.46,642.9,7.805,652.6,654.8,1674.8,86.5,20.8,39.4,2.6,0,0,14.462,2.2,1.41,672.3,7.805,650.6,652.7,1669.6,86.2,20.8,39.4,2.6,0,0,14.451,2.2,1.4,670.2
9/14/2021,fed,8,8B,26.75,19.96,1,0,0,22.2,1,1884.98,1790.03,7.7975,7.76,721.9,724.3,1687.6,79.4,23,36.3,2.4,0,0,15.068,2.02,1.29,743.6,7.765,720,722.4,1687.2,79.5,23,36.3,2.4,0,0,15.053,2.03,1.29,741.7,7.765,720.1,722.5,1687.5,79.6,23,36.3,2.4,0,0,15.054,2.03,1.29,741.8
9/14/2021,fed,8,8C,26.72,19.74,1,0,0,22.2,1,1885.86,1778.69,7.8294,7.8,652.4,654.5,1671.7,86.1,20.8,39.3,2.6,0,0,14.477,2.19,1.4,672,7.794,670.1,672.4,1676.3,84.3,21.4,38.4,2.5,0,0,14.637,2.15,1.37,690.3,7.794,668.9,671.1,1673.2,84.2,21.3,38.4,2.5,0,0,14.63,2.14,1.37,689
9/14/2021,fed,8,8D,26.74,20.12,1,0,0,22.2,1,1886.32,1777.09,7.824,7.81,642.1,644.2,1669.3,87.3,20.5,39.8,2.6,0,0,14.378,2.22,1.42,661.4,7.794,670,672.2,1676.5,84.4,21.4,38.5,2.5,0,0,14.63,2.15,1.37,690.1,7.794,668,670.2,1671.6,84.1,21.3,38.5,2.5,0,0,14.619,2.14,1.37,688.1
9/21/2021,fed,7,7A,26.59,20.25,1,0,0,21.9,1,1859.58,1842.62,7.4704,7.48,1436.6,1441.4,1754,42.4,46.2,19.6,1.2,0,0,17.929,1.08,0.69,1479.2,7.45,1553.4,1558.5,1761.1,39.5,50,18.3,1.1,0,0,17.946,1.01,0.64,1599.4,7.45,1546.6,1551.8,1753.5,39.3,49.8,18.3,1.1,0,0,17.934,1,0.64,1592.4
9/21/2021,fed,7.5,7.5A,26.61,20.21,1,0,0,22,1,1851.32,1787.27,7.6903,7.66,914.3,917.3,1695.4,62.5,29.3,29.1,1.8,0,0,16.494,1.59,1.02,941.5,7.666,910,913.1,1694.8,62.8,29.2,29.2,1.8,0,0,16.47,1.6,1.02,937.1,7.666,910.3,913.3,1695.3,62.8,29.2,29.2,1.8,0,0,16.471,1.6,1.02,937.4
9/21/2021,fed,7.5,7.5B,26.61,20.07,1,0,0,22,1,1856.89,1786.87,7.6993,7.69,869.2,872,1693.4,65.6,27.9,30.4,1.9,0,0,16.231,1.67,1.07,895,7.672,897,900,1697.6,63.9,28.8,29.6,1.9,0,0,16.394,1.63,1.04,923.8,7.672,895.3,898.3,1694.4,63.8,28.7,29.6,1.9,0,0,16.387,1.62,1.04,922
9/21/2021,fed,7.5,7.5C,26.62,19.98,1,0,0,22,1,1856.84,1791.08,7.7007,7.67,903.8,906.8,1698.6,63.5,29,29.4,1.9,0,0,16.429,1.62,1.03,930.7,7.673,896.6,899.6,1697.5,63.9,28.8,29.6,1.9,0,0,16.389,1.63,1.04,923.3,7.673,897,900,1698.3,64,28.8,29.6,1.9,0,0,16.391,1.63,1.04,923.8
9/21/2021,fed,7.5,7.5D,26.65,20,1,0,0,22,1,1852.64,1787.77,7.7003,7.67,909.1,912.1,1695.6,62.9,29.2,29.3,1.8,0,0,16.454,1.6,1.02,936.2,7.673,894.5,897.5,1693.5,63.8,28.7,29.7,1.9,0,0,16.372,1.63,1.04,921.2,7.673,895.4,898.4,1695.2,63.9,28.7,29.7,1.9,0,0,16.376,1.63,1.04,922.1
9/21/2021,fed,8,8A,26.59,19.94,1,0,0,22,1,1849.43,1746.5,7.8406,7.8,648.1,650.2,1642.9,82.8,20.8,38.4,2.5,0,0,14.574,2.11,1.34,667.4,7.811,629.7,631.8,1638.1,84.7,20.2,39.3,2.6,0,0,14.404,2.16,1.38,648.5,7.811,631,633.1,1641.4,84.9,20.3,39.3,2.6,0,0,14.411,2.16,1.38,649.8
9/21/2021,fed,8,8B,26.45,19.85,1,0,0,22,1,1846.98,1750.51,7.8253,7.78,680.5,682.8,1649.4,79.2,21.9,36.7,2.4,0,0,14.902,2.02,1.29,700.8,7.794,657,659.2,1643.7,81.5,21.1,37.8,2.5,0,0,14.694,2.08,1.32,676.6,7.794,658.5,660.7,1647.6,81.7,21.2,37.8,2.5,0,0,14.702,2.08,1.33,678.2
9/21/2021,fed,8,8C,26.52,19.95,1,0,0,22.1,1,1849.92,1748.96,7.8272,7.79,660.5,662.7,1646,81.8,21.2,37.9,2.5,0,0,14.675,2.09,1.33,680.3,7.796,654.5,656.7,1644.5,82.4,21,38.1,2.5,0,0,14.622,2.1,1.34,674.1,7.796,654.9,657.1,1645.5,82.4,21,38.1,2.5,0,0,14.624,2.1,1.34,674.5
9/21/2021,fed,8,8D,26.03,20.16,1,0,0,22,1,1843.04,1745.37,7.8329,7.79,664.3,666.5,1644,80,21.4,36.7,2.4,0,0,14.871,2.05,1.3,684.1,7.806,638.7,640.8,1637.6,82.5,20.6,37.8,2.5,0,0,14.637,2.11,1.34,657.7,7.806,640.4,642.5,1642,82.8,20.6,37.8,2.5,0,0,14.647,2.12,1.35,659.5
9/24/2021,fed,7.5,7.5A,26.24,20.25,1,0,0,22.7,1,1816.68,1727.98,7.7844,7.75,725.6,728,1630.5,74.6,22.9,34.7,2.4,0,0,15.168,1.91,1.22,748.1,7.749,726.9,729.3,1630.8,74.5,22.9,34.6,2.4,0,0,15.178,1.91,1.22,749.4,7.749,726.8,729.2,1630.6,74.5,22.9,34.6,2.4,0,0,15.178,1.91,1.22,749.3
9/24/2021,fed,8,8A,26.34,20.05,1,0,0,22.7,1,1815.16,1725.16,7.8143,7.75,718.3,720.7,1627.3,75.2,22.7,35.1,2.4,0,0,15.085,1.92,1.23,740.5,7.776,677.7,680,1618.3,78.8,21.4,36.8,2.5,0,0,14.746,2.02,1.29,698.7,7.776,680.4,682.6,1624.6,79.1,21.5,36.8,2.5,0,0,14.76,2.02,1.29,701.4
9/28/2021,fed,7,7A,26.46,20.21,1,0,0,21.3,1,1813.74,1844.67,7.4213,7.3,2179.7,2187,1746.4,26.9,71.4,12.8,0.7,0,0,16.915,0.69,0.44,2242.3,7.408,1673.1,1678.7,1727.8,34.3,54.8,16.4,1,0,0,17.843,0.87,0.56,1721.1,7.408,1698.7,1704.4,1754.2,34.8,55.6,16.4,1,0,0,17.883,0.89,0.56,1747.4
9/28/2021,unfed,7.5,7.5A,26.11,19.83,1,0,0,22.5,1,1826.53,1755.84,7.7735,7.69,850.6,853.4,1663.4,65.5,27,30.2,2,0,0,16.135,1.68,1.07,876.6,7.736,757.8,760.3,1647,72,24.1,33.3,2.2,0,0,15.497,1.84,1.17,781,7.736,763.3,765.9,1659,72.6,24.2,33.3,2.2,0,0,15.524,1.86,1.18,786.7
9/28/2021,unfed,7.5,7.5B,26.2,19.55,1,0,0,22.5,1,1809.4,1755.35,7.7689,7.627,984.3,987.6,1667.2,56.9,31.2,26.6,1.7,0,0,16.84,1.46,0.93,1014.5,7.727,766.1,768.6,1633.9,70.3,24.3,32.8,2.2,0,0,15.554,1.8,1.15,789.5,7.727,778,780.6,1659.3,71.3,24.7,32.8,2.2,0,0,15.611,1.83,1.16,801.8
9/28/2021,unfed,7.5,7.5C,26.21,19.61,1,0,0,22.4,1,1817.53,1755.49,7.7701,7.658,914.4,917.5,1665.5,60.9,29.1,28.4,1.9,0,0,16.515,1.56,0.99,942.3,7.731,762.7,765.2,1640.6,70.9,24.3,33,2.2,0,0,15.546,1.81,1.15,785.9,7.731,771.3,773.9,1659.3,71.7,24.5,33,2.2,0,0,15.587,1.83,1.17,794.8
9/28/2021,unfed,7.5,7.5D,26.2,19.67,1,0,0,22.4,1,1814.85,1757.37,7.7671,7.641,952.7,955.9,1668.4,58.6,30.3,27.4,1.8,0,0,16.715,1.5,0.96,981.7,7.728,765.7,768.2,1639,70.4,24.4,32.9,2.2,0,0,15.574,1.8,1.15,789,7.728,776.1,778.7,1661.3,71.4,24.7,32.9,2.2,0,0,15.624,1.83,1.16,799.7
9/28/2021,unfed,8,8A,26.19,19.72,1,0,0,22.5,1,1812.48,1721.09,7.8821,7.763,700,702.3,1623,75.9,22.2,35.4,2.4,0,0,15.034,1.94,1.24,721.4,7.841,573.1,574.9,1590.3,89,18.2,41.4,2.9,0,0,13.853,2.28,1.45,590.6,7.841,581.1,583,1612.5,90.2,18.4,41.4,2.9,0,0,13.902,2.31,1.47,598.9
9/28/2021,unfed,8,8B,26.09,19.86,1,0,0,22.4,1,1815.17,1721.63,7.8825,7.773,684.1,686.4,1622.8,77.1,21.8,35.8,2.4,0,0,14.95,1.97,1.26,705,7.845,568.7,570.6,1592.3,89.3,18.1,41.5,2.9,0,0,13.857,2.29,1.46,586.1,7.845,576.1,578,1612.9,90.4,18.3,41.5,2.9,0,0,13.902,2.32,1.47,593.6
9/28/2021,unfed,8,8C,26.2,19.89,1,0,0,22.4,1,1814.86,1719.26,7.882,7.779,673.7,676,1619.7,78.2,21.4,36.4,2.5,0,0,14.833,2,1.27,694.2,7.845,568,569.9,1591.3,89.5,18.1,41.7,2.9,0,0,13.823,2.29,1.46,585.3,7.845,574.8,576.7,1610.4,90.6,18.3,41.7,2.9,0,0,13.865,2.32,1.48,592.3
9/28/2021,unfed,8,8D,26.19,19.7,1,0,0,22.5,1,1812.59,1718.7,7.8869,7.772,685,687.2,1619.8,77.2,21.7,36,2.4,0,0,14.907,1.98,1.26,705.9,7.846,566.5,568.4,1588.4,89.8,18,41.8,2.9,0,0,13.786,2.3,1.46,583.9,7.846,574.1,576,1609.5,91,18.2,41.8,2.9,0,0,13.832,2.33,1.48,591.7
10/6/2021,fed,7,7A,25.37,20.16,1,0,0,21.4,1,1772.64,1780.13,7.423,7.4,1690.5,1696.2,1692.6,32,55.5,15.1,0.9,0,0,17.886,0.82,0.52,1739.3,7.408,1652.6,1658.1,1690.9,32.7,54.3,15.4,0.9,0,0,17.938,0.84,0.53,1700.2,7.408,1654.6,1660.2,1693.1,32.7,54.3,15.4,0.9,0,0,17.942,0.84,0.53,1702.4
10/6/2021,fed,7.5,7.5A,24.58,19.92,1,0,0,21.5,1,1772.6,1720.79,7.5951,7.66,910.5,913.6,1635.9,54.9,29.9,25.2,1.6,0,0,17.194,1.42,0.89,937,7.574,1112.8,1116.5,1657.8,46.1,36.6,21.2,1.4,0,0,17.939,1.19,0.75,1145.1,7.574,1100.2,1103.8,1639,45.6,36.2,21.2,1.4,0,0,17.9,1.18,0.74,1132.1
10/6/2021,fed,7.5,7.5B,24.49,19.82,1,0,0,21.5,1,1766.91,1721,7.6034,7.63,960.5,963.7,1637.4,52,31.6,23.9,1.6,0,0,17.453,1.34,0.85,988.3,7.581,1091.6,1095.2,1651,46.6,35.9,21.4,1.4,0,0,17.905,1.2,0.76,1123.2,7.581,1083.7,1087.3,1639.1,46.2,35.7,21.4,1.4,0,0,17.88,1.19,0.75,1115.2
10/6/2021,fed,7.5,7.5C,24.63,19.86,1,0,0,21.4,1,1769.28,1714.86,7.6219,7.67,882.7,885.7,1629.7,56,29.1,25.9,1.7,0,0,17.064,1.44,0.91,908.2,7.601,1038.2,1041.7,1648,48.7,34.2,22.5,1.4,0,0,17.733,1.26,0.79,1068.2,7.601,1028.6,1032.1,1632.7,48.2,33.9,22.5,1.4,0,0,17.7,1.24,0.78,1058.3
10/6/2021,fed,7.5,7.5D,24.67,19.95,1,0,0,21.4,1,1701.5,1716.26,7.6074,7.37,1746.8,1752.7,1630.3,28.3,57.6,13.7,0.8,0,0,17.675,0.73,0.46,1797.3,7.588,1030.3,1033.8,1587.1,45.5,34,21.9,1.4,0,0,17.686,1.17,0.74,1060.1,7.588,1061,1064.6,1634.4,46.9,35,21.9,1.4,0,0,17.791,1.21,0.76,1091.7
10/6/2021,fed,8,8A,24.53,20.02,1,0,0,21.4,1,1762.1,1670.34,7.7761,7.81,613.8,615.8,1575,75.1,20.2,34.6,2.3,0,0,15.072,1.94,1.22,631.5,7.757,703.4,705.7,1594.7,67.2,23.2,31,2.1,0,0,15.883,1.73,1.09,723.7,7.757,697.2,699.5,1580.8,66.6,23,31,2.1,0,0,15.85,1.72,1.08,717.3
10/6/2021,fed,8,8B,24.57,19.86,1,0,0,21.4,1,1773.99,1673.67,7.7834,7.84,575.4,577.3,1574.6,80.1,19,36.7,2.5,0,0,14.652,2.07,1.3,592,7.761,699,701.4,1603.7,68.4,23.1,31.4,2.1,0,0,15.822,1.77,1.11,719.2,7.761,690.2,692.5,1583.4,67.5,22.8,31.4,2.1,0,0,15.774,1.74,1.1,710.1
10/6/2021,fed,8,8C,24.48,19.71,1,0,0,21.4,1,1767.76,1673.85,7.7901,7.82,604.2,606.2,1577.5,76.4,19.9,35.1,2.4,0,0,14.982,1.97,1.24,621.6,7.766,689.4,691.7,1596.9,68.7,22.7,31.5,2.1,0,0,15.773,1.77,1.12,709.3,7.766,683.5,685.8,1583.2,68.1,22.6,31.5,2.1,0,0,15.74,1.76,1.11,703.2
10/6/2021,fed,8,8D,24.59,19.68,1,0,0,21.4,1,1769.05,1673.04,7.7912,7.82,595.4,597.4,1575.8,77.6,19.6,35.7,2.4,0,0,14.862,2,1.26,612.6,7.767,687.8,690.1,1597.2,69,22.7,31.8,2.1,0,0,15.728,1.78,1.12,707.7,7.767,681.4,683.6,1582.2,68.3,22.5,31.8,2.1,0,0,15.692,1.76,1.11,701
10/12/2021,fed,7,7A,25.99,20.23,1,0,0,21,1,1867.3,1851.84,7.4365,7.49,1402.6,1407.3,1763.7,41.7,46.4,19.1,1.1,0,0,18.174,1.06,0.67,1442.2,7.427,1650.5,1656,1777.9,36,54.6,16.5,1,0,0,18.092,0.92,0.58,1697.1,7.427,1635.8,1641.3,1762,35.7,54.1,16.5,1,0,0,18.068,0.91,0.58,1681.9
10/12/2021,fed,7.5,7.5A,26.56,20.07,1,0,0,20.9,1,1867.67,1790.68,7.7074,7.73,788.1,790.7,1695.5,69.1,26.1,32.1,1.9,0,0,16.012,1.76,1.12,810.2,7.696,848.7,851.6,1705.9,64.9,28.1,30.2,1.8,0,0,16.414,1.65,1.05,872.5,7.696,844.8,847.7,1698.1,64.6,27.9,30.2,1.8,0,0,16.397,1.64,1.04,868.5
10/12/2021,fed,7.5,7.5B,26.53,20.1,1,0,0,20.9,1,1873.09,1789.93,7.6938,7.75,748.6,751.2,1692.7,72.4,24.8,33.5,2,0,0,15.724,1.84,1.17,769.7,7.683,879.9,882.8,1715.5,63.3,29.1,29.3,1.7,0,0,16.604,1.61,1.02,904.6,7.683,871.1,874.1,1698.4,62.7,28.8,29.3,1.7,0,0,16.567,1.59,1.01,895.6
10/12/2021,fed,7.5,7.5C,26.55,20.06,1,0,0,20.9,1,1871.73,1788.31,7.7032,7.75,746.5,749,1691.1,72.5,24.7,33.6,2,0,0,15.704,1.84,1.17,767.5,7.691,859.9,862.8,1711.2,64.5,28.5,29.9,1.8,0,0,16.482,1.64,1.04,884,7.691,852.4,855.3,1696.2,63.9,28.2,29.9,1.8,0,0,16.449,1.62,1.03,876.3
10/12/2021,fed,7.5,7.5D,26.41,19.92,1,0,0,21,1,1872.03,1788.92,7.6983,7.75,749.1,751.6,1691.7,72.4,24.7,33.4,2,0,0,15.731,1.84,1.17,770.2,7.683,879.4,882.4,1714.3,63.4,29,29.2,1.7,0,0,16.607,1.61,1.02,904.2,7.683,870.7,873.7,1697.4,62.7,28.8,29.2,1.7,0,0,16.57,1.6,1.01,895.3
10/12/2021,fed,8,8A,26.53,20.03,1,0,0,21,1,1867.25,1748.61,7.8437,7.86,555.6,557.5,1638.5,91.8,18.3,42.5,2.6,0,0,13.931,2.33,1.48,571.3,7.83,605,607,1653.3,85.9,20,39.8,2.5,0,0,14.44,2.18,1.39,622.1,7.83,601.4,603.4,1643.4,85.4,19.8,39.8,2.5,0,0,14.419,2.17,1.38,618.3
10/12/2021,fed,8,8B,26.56,20.04,1,0,0,21,1,1853.38,1739.98,7.8599,7.85,573.1,575,1632.6,88.4,18.9,41.3,2.6,0,0,14.127,2.25,1.43,589.3,7.846,575.6,577.5,1633.4,88.1,19,41.2,2.6,0,0,14.153,2.24,1.42,591.8,7.846,575.4,577.3,1632.9,88.1,19,41.2,2.6,0,0,14.152,2.24,1.42,591.6
10/12/2021,fed,8,8C,26.41,19.91,1,0,0,21,1,1867.58,1747.65,7.8356,7.87,548.4,550.2,1636.9,92.6,18.1,42.7,2.7,0,0,13.881,2.36,1.5,563.8,7.82,621.3,623.4,1658.6,83.9,20.5,38.8,2.4,0,0,14.63,2.14,1.36,638.9,7.82,615.9,618,1644.1,83.2,20.3,38.8,2.4,0,0,14.599,2.12,1.35,633.3
10/12/2021,fed,8,8D,26.54,20.1,1,0,0,21,1,1867.7,1743.37,7.8582,7.88,531.5,533.3,1630.7,95.1,17.5,44,2.8,0,0,13.665,2.42,1.54,546.5,7.845,581.5,583.4,1646.8,88.7,19.2,41.1,2.5,0,0,14.2,2.25,1.43,597.9,7.845,577.7,579.7,1636.2,88.1,19.1,41.1,2.5,0,0,14.177,2.24,1.42,594
10/19/2021,fed,7,7A,25.96,19.42,1,0,0,19.3,1,1858.5,1854.55,7.4715,7.47,1473,1478,1766.5,36.9,51.1,17.3,0.9,0,0,18.344,0.94,0.59,1510.9,7.473,1458.8,1463.8,1765.7,37.2,50.6,17.4,0.9,0,0,18.352,0.95,0.6,1496.4,7.473,1459.6,1464.6,1766.6,37.3,50.7,17.4,0.9,0,0,18.353,0.95,0.6,1497.2
10/19/2021,fed,7.5,7.5A,26.23,19.47,1,0,0,19.6,1,1855.56,1785.37,7.6965,7.73,784,786.6,1693.5,65,26.9,30.5,1.7,0,0,16.453,1.65,1.04,804.5,7.695,844.6,847.5,1703.3,61,29,28.7,1.6,0,0,16.846,1.55,0.98,866.7,7.695,840.9,843.7,1695.7,60.7,28.9,28.7,1.6,0,0,16.829,1.54,0.98,862.9
10/19/2021,fed,7.5,7.5B,26.24,19.34,1,0,0,19.7,1,1852.31,1784.35,7.7081,7.72,801.6,804.4,1693.1,63.8,27.5,30,1.7,0,0,16.546,1.62,1.03,822.7,7.703,825.9,828.7,1697,62.2,28.3,29.3,1.6,0,0,16.703,1.58,1,847.6,7.703,824.4,827.2,1694,62.1,28.3,29.3,1.6,0,0,16.696,1.58,1,846.1
10/19/2021,fed,7.5,7.5C,26.24,19.22,1,0,0,19.7,1,1858.9,1788.19,7.6978,7.73,785.3,788,1695.9,65.3,26.9,30.6,1.7,0,0,16.429,1.66,1.05,806,7.691,854,856.9,1707.1,60.9,29.3,28.5,1.6,0,0,16.869,1.55,0.98,876.4,7.691,849.7,852.6,1698.5,60.6,29.1,28.5,1.6,0,0,16.85,1.54,0.97,872
10/19/2021,fed,7.5,7.5D,26.21,20.11,1,0,0,19.7,1,1855.39,1787.04,7.6925,7.72,800,802.7,1695.5,64.1,27.4,30,1.7,0,0,16.54,1.63,1.03,821,7.698,837.6,840.5,1701.6,61.6,28.7,28.9,1.6,0,0,16.781,1.57,0.99,859.7,7.698,835.3,838.2,1696.9,61.5,28.6,28.9,1.6,0,0,16.771,1.56,0.99,857.3
10/19/2021,fed,8,8A,26.19,19.81,1,0,0,19.8,1,1862.15,1746.69,7.8336,7.88,536.1,538,1638.7,89.7,18.3,41.7,2.4,0,0,14.146,2.28,1.44,550.3,7.834,597.5,599.6,1657.1,82.3,20.4,38.3,2.2,0,0,14.805,2.09,1.32,613.3,7.834,593.1,595.1,1644.8,81.7,20.3,38.3,2.2,0,0,14.778,2.08,1.31,608.8
10/19/2021,fed,8,8B,26.24,19.75,1,0,0,19.8,1,1854.04,1740.08,7.8489,7.87,539.6,541.5,1633.1,88.6,18.4,41.4,2.4,0,0,14.184,2.25,1.42,553.9,7.848,573,574.9,1643.3,84.5,19.6,39.5,2.3,0,0,14.548,2.15,1.36,588.1,7.848,570.6,572.5,1636.5,84.1,19.5,39.5,2.3,0,0,14.533,2.14,1.35,585.7
10/19/2021,fed,8,8C,26.22,19.73,1,0,0,19.8,1,1854.43,1744.83,7.8429,7.86,559.2,561.1,1639.6,86.1,19.1,40.3,2.3,0,0,14.404,2.19,1.38,574,7.842,582.5,584.5,1646.5,83.4,19.9,39,2.2,0,0,14.653,2.12,1.34,597.9,7.842,580.9,582.9,1641.9,83.1,19.9,39,2.2,0,0,14.643,2.11,1.34,596.3
10/19/2021,fed,8,8D,26.23,19.55,1,0,0,19.8,1,1847.6,1742.97,7.8454,7.84,579.6,581.6,1640,83.1,19.8,39.1,2.3,0,0,14.629,2.11,1.34,594.9,7.842,580.5,582.4,1640.3,83,19.8,39,2.2,0,0,14.638,2.11,1.34,595.8,7.842,580.4,582.4,1640.1,83,19.8,39,2.2,0,0,14.638,2.11,1.34,595.8
10/27/2021,fed,7,7A,25.45,20.4,1,0,0,19.5,1,1817.28,1807.21,7.3771,7.5,1355,1359.6,1722.2,38.1,46.9,17.9,1,0,0,18.387,0.97,0.61,1390.3,7.388,1760.7,1766.7,1742.4,30,60.9,14.1,0.8,0,0,17.91,0.77,0.48,1806.5,7.388,1735.6,1741.5,1717.6,29.6,60.1,14.1,0.8,0,0,17.876,0.75,0.48,1780.8
10/27/2021,fed,7.5,7.5A,25.33,20.01,1,0,0,19.6,1,1814.64,1730.06,7.7198,7.79,651.2,653.4,1635.9,71.7,22.5,33.5,1.9,0,0,15.675,1.83,1.15,668.2,7.726,771.8,774.4,1659.5,62.2,26.7,29.1,1.7,0,0,16.651,1.59,1,792,7.726,763.7,766.3,1642.1,61.6,26.4,29.1,1.7,0,0,16.611,1.57,0.99,783.7
10/27/2021,fed,7.5,7.5B,25.32,19.82,1,0,0,19.6,1,1815.45,1727.65,7.7278,7.81,632.8,635,1632.4,73.4,21.9,34.3,2,0,0,15.504,1.88,1.18,649.4,7.731,762,764.6,1658.5,62.9,26.3,29.4,1.7,0,0,16.583,1.61,1.01,781.9,7.731,753.2,755.8,1639.4,62.2,26,29.4,1.7,0,0,16.539,1.59,1,772.9
10/27/2021,fed,7.5,7.5C,25.45,19.85,1,0,0,19.5,1,1817.69,1725.93,7.7251,7.82,611.6,613.7,1629.2,75.5,21.2,35.4,2,0,0,15.289,1.93,1.21,627.5,7.73,763.3,765.9,1660.8,62.9,26.4,29.5,1.7,0,0,16.583,1.6,1.01,783.1,7.73,752.7,755.3,1637.9,62,26.1,29.5,1.7,0,0,16.53,1.58,1,772.3
10/27/2021,fed,7.5,7.5D,25.45,19.83,1,0,0,19.6,1,1819.74,1726.65,7.7238,7.82,607.9,610,1629.3,76.3,21,35.7,2.1,0,0,15.219,1.95,1.23,623.8,7.727,770.1,772.8,1663.1,62.8,26.6,29.4,1.7,0,0,16.601,1.6,1.01,790.3,7.727,758.8,761.4,1638.6,61.9,26.2,29.4,1.7,0,0,16.545,1.58,1,778.6
10/27/2021,fed,8,8A,25.31,19.74,1,0,0,19.5,1,1817.59,1686.36,7.8608,7.95,437.9,439.4,1573.1,98.1,15.2,45.6,2.7,0,0,13.296,2.5,1.58,449.3,7.864,544.1,546,1611.2,82.8,18.8,38.6,2.3,0,0,14.609,2.11,1.33,558.3,7.864,535.7,537.6,1586.3,81.5,18.6,38.6,2.3,0,0,14.553,2.08,1.31,549.7
10/27/2021,fed,8,8B,25.38,19.85,1,0,0,19.5,1,1806.81,1683.32,7.8625,7.93,462.1,463.7,1574.1,93.2,16,43.7,2.6,0,0,13.613,2.38,1.5,474.1,7.868,535.8,537.6,1599.6,83,18.6,39,2.3,0,0,14.512,2.12,1.33,549.8,7.868,530.2,532,1582.8,82.1,18.4,39,2.3,0,0,14.473,2.1,1.32,544
10/27/2021,fed,8,8C,25.45,19.79,1,0,0,19.6,1,1814.93,1686.94,7.8708,7.94,451.8,453.3,1575.3,96,15.6,44.9,2.7,0,0,13.422,2.45,1.55,463.6,7.874,529.8,531.6,1603.3,84.8,18.3,39.7,2.3,0,0,14.384,2.16,1.36,543.6,7.874,523.7,525.5,1585,83.9,18.1,39.7,2.3,0,0,14.342,2.14,1.35,537.5
10/27/2021,fed,8,8D,25.45,19.78,1,0,0,19.5,1,1814.35,1684.41,7.8814,7.94,442.8,444.3,1572,97.1,15.3,45.4,2.7,0,0,13.332,2.48,1.56,454.3,7.886,513.5,515.2,1598.3,86.6,17.8,40.6,2.4,0,0,14.222,2.21,1.39,526.8,7.886,508,509.7,1581.2,85.7,17.6,40.6,2.4,0,0,14.184,2.19,1.38,521.2
9/23/2021,unfed,7.5,7.5A,26.56,20.37,1,0,0,22.4,1,1875.42,1762.77,7.734,7.822,620.9,622.9,1654,89.1,19.7,40.6,2.7,0,0,14.181,2.27,1.45,639.8,7.705,835.6,838.4,1701.3,70,26.5,31.9,2.1,0,0,15.904,1.79,1.14,861.1,7.705,819.3,822,1668.1,68.7,26,31.9,2.1,0,0,15.831,1.75,1.12,844.2
9/23/2021,unfed,7.5,7.5B,26.42,20.29,1,0,0,22.5,1,1860.89,1763.28,7.7335,7.776,694.6,696.9,1660.8,80.4,22,36.7,2.5,0,0,14.87,2.05,1.31,715.8,7.702,836.8,839.6,1689.2,69,26.5,31.6,2.1,0,0,15.934,1.76,1.13,862.4,7.702,826.7,829.5,1668.9,68.2,26.2,31.6,2.1,0,0,15.89,1.74,1.11,852
9/23/2021,unfed,7.5,7.5C,26.5,20.29,1,0,0,22.4,1,1863.01,1763.29,7.7448,7.783,682.3,684.5,1660.1,81.6,21.7,37.3,2.5,0,0,14.77,2.08,1.33,703,7.715,810.7,813.4,1686.7,70.9,25.8,32.5,2.1,0,0,15.765,1.81,1.15,835.4,7.715,801.6,804.3,1667.8,70.1,25.5,32.5,2.1,0,0,15.723,1.79,1.14,826
9/23/2021,unfed,7.5,7.5D,26.43,20.24,1,0,0,22.3,1,1868.98,1760.9,7.7612,7.812,636.2,638.3,1654.3,86.4,20.3,39.4,2.6,0,0,14.394,2.2,1.41,655.5,7.732,779.7,782.3,1686.8,73.3,24.8,33.4,2.2,0,0,15.585,1.87,1.19,803.3,7.732,769.2,771.7,1664.1,72.3,24.5,33.4,2.2,0,0,15.536,1.85,1.18,792.5
9/23/2021,unfed,8,8A,26.46,20.23,1,0,0,22.5,1,1858.34,1720.11,7.8821,7.901,501.7,503.4,1600.7,103.5,15.9,47.3,3.3,0,0,12.96,2.64,1.69,517.1,7.849,574.9,576.8,1626.3,93.2,18.2,42.7,2.9,0,0,13.746,2.38,1.52,592.5,7.849,569.1,571,1609.8,92.3,18,42.7,2.9,0,0,13.711,2.36,1.5,586.5
9/23/2021,unfed,8,8B,26.44,20.14,1,0,0,22.5,1,1859.19,1714.98,7.8912,7.918,479.9,481.5,1592.7,107.1,15.2,48.9,3.4,0,0,12.713,2.74,1.74,494.6,7.857,564,565.8,1623.6,94.7,17.9,43.3,3,0,0,13.637,2.42,1.54,581.2,7.857,557.1,558.9,1603.8,93.5,17.7,43.3,3,0,0,13.595,2.39,1.52,574.1
9/23/2021,unfed,8,8C,26.44,20.21,1,0,0,22.5,1,1852.76,1717.44,7.8828,7.894,510,511.7,1599.6,101.6,16.2,46.6,3.3,0,0,13.065,2.6,1.66,525.6,7.849,572.7,574.6,1621.2,93,18.2,42.7,2.9,0,0,13.736,2.37,1.51,590.2,7.849,567.8,569.6,1607.3,92.2,18,42.7,2.9,0,0,13.706,2.35,1.5,585.1
9/23/2021,unfed,8,8D,26.44,20.23,1,0,0,22.5,1,1857.3,1716.67,7.883,7.908,492,493.6,1596.2,104.9,15.6,48,3.4,0,0,12.855,2.68,1.71,507.1,7.85,573.4,575.3,1625.1,93.3,18.2,42.7,2.9,0,0,13.737,2.38,1.52,591,7.85,566.8,568.7,1606.5,92.2,18,42.7,2.9,0,0,13.697,2.36,1.5,584.2
9/24/2021,unfed,7.5,7.5A,26.07,20.03,1,0,0,22.6,1,1807.1,1746.57,7.723,7.652,924.5,927.5,1657.3,60,29.3,28,1.9,0,0,16.558,1.54,0.98,953,7.687,847.5,850.3,1645.9,64.6,26.8,30.1,2,0,0,16.116,1.65,1.05,873.6,7.687,852,854.8,1654.7,64.9,27,30.1,2,0,0,16.136,1.66,1.06,878.2
9/24/2021,unfed,8,8A,26.28,20.1,1,0,0,22.6,1,1743.14,1696.17,7.989,7.6,1012.7,1016.1,1612.1,52,32,25.3,1.7,0,0,16.936,1.33,0.85,1043.9,7.952,412,413.3,1473.7,106.9,13,51.9,3.7,0,0,12.04,2.73,1.74,424.7,7.952,438.5,440,1568.5,113.8,13.9,51.9,3.7,0,0,12.24,2.91,1.86,452
9/28/2021,fed,7.5,7.5A,26.41,19.87,1,0,0,21.4,1,1819.52,1764.5,7.7198,7.64,947.2,950.4,1676.3,57.2,30.9,27.1,1.6,0,0,16.891,1.46,0.93,974.6,7.698,823.7,826.4,1658.4,64.4,26.9,30.5,1.9,0,0,16.198,1.64,1.04,847.4,7.698,830.7,833.5,1672.4,65,27.1,30.5,1.9,0,0,16.229,1.65,1.05,854.6
9/28/2021,fed,7.5,7.5B,26.4,19.88,1,0,0,21.3,1,1819.1,1769.79,7.7224,7.62,996.6,999.9,1682.6,54.6,32.6,25.9,1.6,0,0,17.14,1.39,0.88,1025.2,7.702,814.9,817.6,1657.1,64.7,26.7,30.6,1.9,0,0,16.171,1.65,1.05,838.2,7.702,824.8,827.5,1677.3,65.5,27,30.6,1.9,0,0,16.216,1.67,1.06,848.4
9/28/2021,fed,7.5,7.5C,26.48,19.85,1,0,0,21.3,1,1817.57,1770.6,7.7286,7.61,1020.2,1023.6,1683.7,53.5,33.4,25.4,1.5,0,0,17.215,1.36,0.87,1049.5,7.708,801.9,804.6,1653.4,65.6,26.2,31.1,1.9,0,0,16.065,1.67,1.06,824.9,7.708,813.5,816.3,1677.4,66.5,26.6,31.1,1.9,0,0,16.119,1.69,1.08,836.9
9/28/2021,fed,7.5,7.5D,26.42,19.82,1,0,0,21.4,1,1818.79,1768.77,7.7233,7.62,993.7,997,1681.4,54.9,32.4,26,1.6,0,0,17.098,1.4,0.89,1022.3,7.701,817.6,820.3,1656.7,64.8,26.7,30.7,1.9,0,0,16.156,1.65,1.05,841.1,7.701,827.2,830,1676.2,65.5,27,30.7,1.9,0,0,16.2,1.67,1.06,851.1
9/28/2021,fed,8,8A,26.46,20.06,1,0,0,21.3,1,1818.02,1730.22,7.8356,7.76,697.5,699.8,1633.8,73.6,22.8,34.9,2.2,0,0,15.28,1.87,1.19,717.5,7.818,607.9,609.9,1612.2,82.2,19.9,39,2.4,0,0,14.466,2.09,1.33,625.3,7.818,613.5,615.6,1627.2,83,20.1,39,2.4,0,0,14.5,2.11,1.34,631.1
9/28/2021,fed,8,8B,26.48,19.97,1,0,0,21.3,1,1812.11,1731.12,7.856,7.74,738.1,740.5,1637.1,69.9,24.2,33.3,2,0,0,15.608,1.78,1.13,759.2,7.837,576.9,578.8,1598.6,85.2,18.9,40.5,2.6,0,0,14.157,2.17,1.38,593.4,7.837,586.5,588.5,1625.3,86.6,19.2,40.5,2.6,0,0,14.216,2.21,1.4,603.3
9/28/2021,fed,8,8C,26.47,20.01,1,0,0,21.3,1,1818.83,1728.82,7.859,7.77,684.7,687,1631.6,74.8,22.4,35.5,2.2,0,0,15.168,1.9,1.21,704.3,7.84,573.8,575.8,1603.2,86.1,18.8,40.8,2.6,0,0,14.119,2.19,1.39,590.3,7.84,580.8,582.8,1622.6,87.2,19,40.8,2.6,0,0,14.162,2.22,1.41,597.5
9/28/2021,fed,8,8D,26.47,20.02,1,0,0,21.3,1,1781.56,1731.15,7.8718,7.63,962.3,965.6,1645.5,54.1,31.5,26.2,1.6,0,0,16.986,1.38,0.88,989.9,7.853,543.4,545.2,1563.9,86.6,17.8,41.9,2.7,0,0,13.845,2.2,1.4,559,7.853,563.9,565.8,1622.9,89.8,18.5,41.9,2.7,0,0,13.977,2.29,1.45,580.1
10/6/2021,unfed,7.5,7.5A,24.62,19.83,1,0,0,21.5,1,1771.31,1697.22,7.6861,7.742,732.9,735.3,1607.2,65.9,24.1,30.3,2,0,0,16.055,1.7,1.07,754.1,7.663,892.5,895.5,1632.3,55.8,29.3,25.7,1.7,0,0,17.091,1.44,0.91,918.4,7.663,882,884.9,1613.1,55.2,29,25.7,1.7,0,0,17.047,1.42,0.9,907.6
10/6/2021,unfed,7.5,7.5B,24.65,19.6,1,0,0,21.4,1,1767.82,1700.46,7.6775,7.718,777,779.6,1612.5,62.3,25.6,28.8,1.9,0,0,16.406,1.61,1.01,799.4,7.653,913.2,916.2,1632.4,54.3,30.1,25.1,1.6,0,0,17.217,1.4,0.88,939.5,7.653,904.4,907.5,1616.8,53.8,29.8,25.1,1.6,0,0,17.181,1.39,0.88,930.5
10/6/2021,unfed,7.5,7.5C,24.65,19.51,1,0,0,21.4,1,1768.27,1699.34,7.6953,7.724,765.6,768.2,1611,63.1,25.2,29.1,1.9,0,0,16.324,1.63,1.03,787.7,7.669,877,879.9,1628,56.3,28.9,26,1.7,0,0,17.028,1.45,0.92,902.3,7.669,869.9,872.8,1614.8,55.8,28.7,26,1.7,0,0,16.998,1.44,0.91,895
10/6/2021,unfed,7.5,7.5D,24.82,19.56,1,0,0,21.3,1,1764.83,1705.42,7.6854,7.686,838,840.8,1619.5,58.2,27.7,27.1,1.7,0,0,16.787,1.5,0.95,862,7.661,890.3,893.3,1626.8,55.3,29.4,25.8,1.6,0,0,17.082,1.42,0.9,915.8,7.661,887.1,890.1,1621,55.1,29.3,25.8,1.6,0,0,17.069,1.42,0.9,912.6
10/6/2021,unfed,8,8A,24.43,20.15,1,0,0,21.4,1,1774.17,1659.4,7.8352,7.888,506.5,508.2,1554.2,88.4,16.7,40.3,2.8,0,0,13.913,2.28,1.44,521.1,7.817,608.1,610.1,1583.9,76.5,20.1,34.9,2.4,0,0,15.026,1.98,1.25,625.7,7.817,600.5,602.5,1564,75.5,19.8,34.9,2.4,0,0,14.979,1.95,1.23,617.8
10/6/2021,unfed,8,8B,24.45,19.47,1,0,0,21.4,1,1769.01,1659.94,7.8499,7.87,529.3,531.1,1557.5,85,17.5,38.9,2.7,0,0,14.182,2.2,1.38,544.6,7.822,598.8,600.8,1577.2,77.1,19.8,35.3,2.4,0,0,14.934,1.99,1.25,616.1,7.822,593.7,595.7,1563.9,76.4,19.6,35.3,2.4,0,0,14.903,1.97,1.24,610.9
10/6/2021,unfed,8,8C,24.55,19.2,1,0,0,21.4,1,1766.06,1658.66,7.8549,7.863,536.9,538.7,1557,83.9,17.7,38.6,2.6,0,0,14.248,2.17,1.37,552.4,7.823,595.4,597.4,1573.5,77.3,19.6,35.6,2.4,0,0,14.877,1.99,1.26,612.6,7.823,591.2,593.2,1562.4,76.7,19.5,35.6,2.4,0,0,14.851,1.98,1.25,608.3
10/6/2021,unfed,8,8D,24.59,19.38,1,0,0,21.4,1,1770.32,1658.16,7.8541,7.878,518.2,519.9,1554.3,86.7,17.1,39.8,2.7,0,0,14.016,2.24,1.41,533.1,7.825,593.9,595.8,1576.5,77.8,19.6,35.8,2.4,0,0,14.844,2.01,1.27,611,7.825,588.3,590.2,1561.6,77.1,19.4,35.8,2.4,0,0,14.81,1.99,1.25,605.2
10/12/2021,unfed,7.5,7.5A,26.54,19.73,1,0,0,21,1,1866.41,1743.28,7.839,7.876,536,537.8,1631.2,94.4,17.7,43.7,2.7,0,0,13.716,2.4,1.53,551.1,7.821,618.8,620.9,1656.4,84.3,20.4,39.1,2.4,0,0,14.575,2.14,1.36,636.3,7.821,612.6,614.6,1639.6,83.4,20.2,39.1,2.4,0,0,14.538,2.12,1.35,629.8
10/12/2021,unfed,7.5,7.5B,26.54,19.8,1,0,0,21,1,1866.36,1745.11,7.8361,7.871,544,545.8,1633.9,93.3,17.9,43.2,2.7,0,0,13.804,2.37,1.51,559.3,7.819,621.8,623.9,1657.1,84,20.5,38.9,2.4,0,0,14.603,2.13,1.36,639.3,7.819,615.9,618,1641.6,83.2,20.3,38.9,2.4,0,0,14.569,2.11,1.34,633.3
10/12/2021,unfed,7.5,7.5C,26.55,19.77,1,0,0,21,1,1859.93,1743.92,7.8445,7.855,564.2,566.1,1635.2,90.1,18.6,41.9,2.6,0,0,14.027,2.29,1.46,580.1,7.827,607.1,609.1,1647.8,85,20,39.6,2.4,0,0,14.466,2.16,1.37,624.2,7.827,603.9,606,1639.4,84.6,19.9,39.6,2.4,0,0,14.447,2.15,1.37,621
10/12/2021,unfed,7.5,7.5D,26.38,19.76,1,0,0,21,1,1868.74,1743.92,7.8436,7.884,527.7,529.5,1631,95.5,17.4,44,2.8,0,0,13.659,2.43,1.54,542.6,7.826,612.8,614.8,1657.3,84.9,20.2,39.1,2.4,0,0,14.553,2.16,1.37,630.1,7.826,606.3,608.4,1639.9,84,20,39.1,2.4,0,0,14.515,2.14,1.36,623.4
10/12/2021,unfed,8,8A,26.52,19.61,1,0,0,21,1,1867.23,1732.15,7.876,7.912,488.7,490.3,1614.7,101.4,16.1,46.9,3,0,0,13.18,2.58,1.64,502.5,7.856,565.8,567.7,1641.7,90.5,18.7,41.9,2.6,0,0,14.042,2.3,1.46,581.8,7.856,559.8,561.6,1624.1,89.5,18.5,41.9,2.6,0,0,14.004,2.28,1.45,575.6
10/12/2021,unfed,8,8B,26.55,19.71,1,0,0,21,1,1862.06,1727.3,7.8944,7.911,488,489.6,1610.2,101,16.1,46.9,3,0,0,13.171,2.57,1.63,501.8,7.875,535.9,537.7,1627.7,94,17.7,43.7,2.7,0,0,13.719,2.39,1.52,551,7.875,532.2,534,1616.4,93.3,17.6,43.7,2.7,0,0,13.694,2.37,1.51,547.2
10/12/2021,unfed,8,8C,26.55,19.62,1,0,0,21,1,1861.73,1723.95,7.8945,7.92,476.8,478.4,1605.4,102.8,15.7,47.7,3,0,0,13.038,2.61,1.66,490.2,7.874,537.5,539.3,1628,93.7,17.7,43.6,2.7,0,0,13.737,2.38,1.52,552.7,7.874,532.7,534.5,1613.5,92.9,17.6,43.6,2.7,0,0,13.706,2.36,1.5,547.7
10/12/2021,unfed,8,8D,26.55,19.88,1,0,0,21,1,1861.04,1725.69,7.894,7.913,485.4,487,1608.3,101.3,16,47.1,3,0,0,13.141,2.58,1.64,499,7.878,532.7,534.5,1625.8,94.3,17.6,43.8,2.7,0,0,13.684,2.4,1.52,547.7,7.878,529,530.8,1614.5,93.7,17.5,43.8,2.7,0,0,13.66,2.38,1.51,543.9
10/13/2021,unfed,,7.5D,26.43,20.07,1,0,0,21.3,1,,1738.23,7.8109,,,,,,,,,,,,,,,,,,,,,,,,,,,,,7.793,653.5,655.7,1637.9,78.9,21.4,37,2.3,0,0,14.883,2.01,1.28,672.3
10/13/2021,unfed,,7.5B,26.55,20.08,1,0,0,21.3,1,,1743.66,7.806,,,,,,,,,,,,,,,,,,,,,,,,,,,,,7.788,662.3,664.5,1643.4,78.6,21.7,36.9,2.3,0,0,14.926,2,1.27,681.3
10/14/2021,unfed,7.5,7.5A,26.63,20.48,1,0,0,21.4,1,,1753.14,7.7282,,,,,,,,,,,,,,,,,,,,,,,,,,,,,7.715,791.7,794.4,1659.9,67.4,25.8,31.9,2,0,0,15.917,1.72,1.09,814.5
10/14/2021,unfed,7.5,7.5B,26.66,20.3,1,0,0,21.4,1,,1754.71,7.7445,,,,,,,,,,,,,,,,,,,,,,,,,,,,,7.729,767.1,769.6,1660,69.7,25,32.9,2,0,0,15.727,1.77,1.13,789.2
10/14/2021,unfed,7.5,7.5C,26.66,20.44,1,0,0,21.4,1,,1751.44,7.74,,,,,,,,,,,,,,,,,,,,,,,,,,,,,7.726,770.2,772.7,1657.2,69.1,25.1,32.7,2,0,0,15.754,1.76,1.12,792.4
10/14/2021,unfed,7.5,7.5D,26.66,20.32,1,0,0,21.4,1,,1753.27,7.7147,,,,,,,,,,,,,,,,,,,,,,,,,,,,,7.7,821.4,824.1,1661.3,65.2,26.8,31,1.9,0,0,16.112,1.66,1.06,845
10/15/2021,unfed,7.5,7.5C,26.74,20.39,1,0,0,21.5,1,,1751.44,7.748,,,,,,,,,,,,,,,,,,,,,,,,,,,,,7.732,759.5,762,1656.3,70.5,24.7,33.4,2.1,0,0,15.624,1.79,1.14,781.5
10/20/2021,unfed,7.5,7.5A,26.51,20.1,1,0,0,19.6,1,1868.99,1767.88,7.7465,7.827,607.4,609.4,1665.5,81.6,20.8,38.3,2.1,0,0,14.871,2.07,1.31,623.3,7.754,732,734.5,1694.2,70,25.1,32.9,1.8,0,0,15.98,1.78,1.12,751.2,7.754,723.2,725.7,1673.9,69.2,24.8,32.9,1.8,0,0,15.935,1.75,1.11,742.1
10/20/2021,unfed,7.5,7.5B,26.52,20,1,0,0,19.6,1,1867.67,1774.78,7.754,7.8,650.9,653.1,1675.4,77,22.3,36.2,2,0,0,15.288,1.95,1.24,667.9,7.76,720.3,722.7,1690.7,70.9,24.7,33.3,1.8,0,0,15.886,1.8,1.14,739.1,7.76,715.6,718,1679.8,70.4,24.6,33.3,1.8,0,0,15.862,1.79,1.13,734.3
10/20/2021,unfed,7.5,7.5C,26.49,19.84,1,0,0,19.6,1,1864.37,1772.16,7.7555,7.798,652.5,654.7,1673.2,76.6,22.4,36,2,0,0,15.315,1.94,1.23,669.6,7.759,720.6,723.1,1688.1,70.6,24.7,33.2,1.8,0,0,15.9,1.79,1.13,739.5,7.759,716,718.5,1677.4,70.2,24.6,33.2,1.8,0,0,15.876,1.78,1.13,734.8
10/20/2021,unfed,7.5,7.5D,26.51,19.93,1,0,0,19.6,1,1863.38,1773.25,7.7579,7.791,664.2,666.4,1675,75.4,22.8,35.5,2,0,0,15.417,1.91,1.21,681.5,7.763,713.4,715.8,1685.8,71.1,24.5,33.5,1.8,0,0,15.838,1.8,1.14,732.1,7.763,710.1,712.6,1678.1,70.8,24.4,33.5,1.8,0,0,15.821,1.79,1.14,728.7
10/20/2021,unfed,8,8A,26.51,20.09,1,0,0,19.6,1,1862.26,1725.63,7.9073,7.938,454.3,455.9,1608.4,101.7,15.6,47.8,2.8,0,0,13.141,2.58,1.63,466.2,7.915,483.2,484.8,1620,97,16.6,45.6,2.6,0,0,13.502,2.46,1.56,495.8,7.915,481,482.6,1612.6,96.6,16.5,45.6,2.6,0,0,13.486,2.45,1.55,493.5
10/20/2021,unfed,8,8B,26.52,20.03,1,0,0,19.6,1,1861.95,1724.43,7.9024,7.941,451.2,452.8,1606.8,102.2,15.5,48,2.8,0,0,13.1,2.59,1.64,463,7.909,490.4,492.1,1622.5,95.9,16.8,45.1,2.6,0,0,13.587,2.43,1.54,503.2,7.909,487.3,489,1612.4,95.3,16.7,45.1,2.6,0,0,13.565,2.42,1.53,500.1
10/20/2021,unfed,8,8C,26.54,20.17,1,0,0,19.5,1,1864.84,1724.41,7.9072,7.95,441,442.5,1605.3,104,15.2,48.8,2.8,0,0,12.986,2.63,1.67,452.5,7.917,480.4,482,1621.7,97.4,16.5,45.8,2.6,0,0,13.484,2.47,1.56,492.9,7.917,477.3,478.9,1611.2,96.8,16.4,45.8,2.6,0,0,13.462,2.45,1.55,489.7
10/20/2021,unfed,8,8D,26.52,19.99,1,0,0,19.5,1,1861.19,1722.42,7.9026,7.946,444.9,446.4,1604.2,102.9,15.3,48.4,2.8,0,0,13.045,2.61,1.65,456.4,7.91,488.7,490.4,1622.1,95.7,16.8,45.1,2.6,0,0,13.595,2.43,1.54,501.4,7.91,485.3,486.9,1610.7,95.1,16.7,45.1,2.6,0,0,13.571,2.41,1.53,497.9
10/27/2021,unfed,7.5,7.5A,25.42,19.75,1,0,0,19.5,1,1802.83,1702.74,7.8226,7.849,560.9,562.8,1603.6,79.7,19.4,37.6,2.2,0,0,14.788,2.04,1.28,575.5,7.826,594,596,1612.6,76.1,20.6,35.9,2.1,0,0,15.139,1.94,1.22,609.5,7.826,591.7,593.8,1606.4,75.9,20.5,35.9,2.1,0,0,15.125,1.94,1.22,607.1
10/27/2021,unfed,7.5,7.5B,25.47,19.69,1,0,0,19.5,1,1806.73,1711.02,7.7868,7.833,585.5,587.5,1613.4,77.4,20.3,36.5,2.1,0,0,15.032,1.97,1.24,600.8,7.79,653,655.3,1629.8,70.8,22.6,33.4,1.9,0,0,15.693,1.81,1.14,670,7.79,648.4,650.6,1618.3,70.3,22.4,33.4,1.9,0,0,15.666,1.79,1.13,665.3
10/27/2021,unfed,7.5,7.5C,25.45,19.7,1,0,0,19.6,1,1805.3,1705.26,7.8167,7.846,565,567,1606,79.8,19.5,37.6,2.2,0,0,14.792,2.04,1.28,579.8,7.818,607.1,609.2,1617.2,75.3,21,35.5,2.1,0,0,15.231,1.92,1.21,623,7.818,604.2,606.3,1609.5,74.9,20.9,35.5,2.1,0,0,15.213,1.91,1.21,620.1
10/27/2021,unfed,7.5,7.5D,25.46,20.28,1,0,0,19.6,1,1809.88,1710.21,7.7884,7.844,569.2,571.2,1610.9,79.7,19.6,37.4,2.2,0,0,14.829,2.03,1.28,584.1,7.798,640.3,642.5,1628.9,72.5,22.1,34.1,2,0,0,15.544,1.85,1.17,657.1,7.798,635.4,637.5,1616.4,71.9,21.9,34.1,2,0,0,15.515,1.84,1.16,652
10/27/2021,unfed,8,8A,25.45,19.94,1,0,0,19.5,1,1809.2,1692.51,7.8483,7.902,490.5,492.2,1586.3,89.3,17,41.9,2.5,0,0,13.952,2.28,1.44,503.3,7.855,554.1,556,1606.7,81.1,19.2,38.1,2.2,0,0,14.696,2.07,1.3,568.6,7.855,549.4,551.3,1593.1,80.4,19,38.1,2.2,0,0,14.665,2.05,1.29,563.7
10/27/2021,unfed,8,8B,25.35,19.89,1,0,0,19.5,1,1808.59,1691.1,7.8518,7.906,485.7,487.4,1584.5,89.8,16.8,42.1,2.5,0,0,13.918,2.29,1.44,498.3,7.857,550.7,552.5,1605.6,81.3,19.1,38.1,2.2,0,0,14.685,2.08,1.31,565,7.857,545.8,547.7,1591.6,80.6,18.9,38.1,2.2,0,0,14.653,2.06,1.3,560.1
10/27/2021,unfed,8,8C,25.45,20.1,1,0,0,19.5,1,1803.81,1689.45,7.8408,7.895,497.6,499.3,1584.4,87.8,17.2,41.4,2.4,0,0,14.047,2.24,1.41,510.6,7.85,559.8,561.7,1604,80,19.4,37.7,2.2,0,0,14.766,2.04,1.29,574.4,7.85,555.3,557.2,1590.9,79.3,19.2,37.7,2.2,0,0,14.736,2.02,1.28,569.7
10/27/2021,unfed,8,8D,25.45,20.36,1,0,0,19.6,1,1806.87,1687.31,7.847,7.91,480,481.6,1579.8,90.9,16.6,42.7,2.5,0,0,13.796,2.32,1.46,492.6,7.858,548.8,550.6,1602.5,81.8,18.9,38.5,2.3,0,0,14.611,2.09,1.32,563.1,7.858,543.6,545.5,1587.5,81,18.8,38.5,2.3,0,0,14.576,2.07,1.3,557.9
