Date,Age_DPF,Treatment,pH,Fed_Unfed,Replicate,Length_um
20210915,51,Low OA,8,fed,A,4379.509
20210915,51,Low OA,8,fed,A,3531.621
20210915,51,Low OA,8,fed,A,1147.473
20210915,51,Low OA,8,fed,A,2139.881
20210915,51,Low OA,8,fed,A,3433.05
20210915,51,Low OA,8,fed,A,3354.416
20210915,51,Low OA,8,fed,A,1980.895
20210915,51,Low OA,8,fed,A,2159.961
20210915,51,Low OA,8,fed,A,4577.697
20210915,51,Low OA,8,fed,A,2200.261
20210915,51,Low OA,8,fed,A,2380.712
20210915,51,Low OA,8,fed,A,2152.257
20210915,51,Low OA,8,fed,A,2959.536
20210915,51,Low OA,8,fed,A,1602.959
20210915,51,Low OA,8,fed,A,4377.333
20210915,51,Low OA,8,fed,A,2677.273
20210915,51,Low OA,8,fed,A,4158.921
20210915,51,Low OA,8,fed,A,2299.424
20210915,51,Low OA,8,fed,A,2101.192
20210915,51,Low OA,8,fed,A,3051.912
20210915,51,Low OA,8,fed,A,2454.613
20210915,51,Low OA,8,fed,A,1937.689
20210915,51,Low OA,8,fed,A,1571.511
20210915,51,Low OA,8,fed,A,2364.008
20210915,51,Low OA,8,fed,A,2096.532
20210915,51,Low OA,8,fed,A,3080.976
20210915,51,Low OA,8,fed,A,3105.454
20210915,51,Low OA,8,fed,A,2498.701
20210915,51,Low OA,8,fed,A,2291.564
20210915,51,Low OA,8,fed,A,1571.779
20210915,51,Low OA,8,fed,A,3826.111
20210915,51,Low OA,8,fed,A,4058.676
20210915,51,Low OA,8,fed,A,2306.271
20210915,51,Low OA,8,fed,A,1428.687
20210915,51,Low OA,8,fed,A,1378.038
20210915,51,Low OA,8,fed,A,2488.591
20210915,51,Low OA,8,fed,A,2757.085
20210915,51,Low OA,8,fed,A,2538.772
20210915,51,Low OA,8,fed,A,1559.662
20210915,51,Low OA,8,fed,A,2039.244
20210915,51,Low OA,8,fed,A,2215.156
20210915,51,Low OA,8,fed,A,2374.861
20210915,51,Low OA,8,fed,A,2525.586
20210915,51,Low OA,8,fed,A,2149.552
20210915,51,Low OA,8,fed,A,2085.403
20210915,51,Low OA,8,fed,A,2766.244
20210915,51,Low OA,8,fed,A,2549.245
20210915,51,Low OA,8,fed,A,2485.065
20210915,51,Low OA,8,fed,A,4753.981
20210915,51,Low OA,8,fed,A,3066.987
20210915,51,Low OA,8,fed,A,1792.104
20210915,51,Low OA,8,fed,A,3160.811
20210915,51,Low OA,8,fed,A,2869.888
20210915,51,Low OA,8,fed,A,1195.974
20210915,51,Low OA,8,fed,A,2432.53
20210915,51,Low OA,8,fed,A,3803.633
20210915,51,Low OA,8,fed,A,2569.309
20210915,51,Low OA,8,fed,A,2024.887
20210915,51,Low OA,8,fed,A,1908.886
20210915,51,Low OA,8,fed,A,2409.264
20210915,51,Low OA,8,fed,A,2713.435
20210915,51,Low OA,8,fed,B,2856.813
20210915,51,Low OA,8,fed,B,1916.16
20210915,51,Low OA,8,fed,B,3064.787
20210915,51,Low OA,8,fed,B,3185.787
20210915,51,Low OA,8,fed,B,2815.549
20210915,51,Low OA,8,fed,B,2930.85
20210915,51,Low OA,8,fed,B,2796.348
20210915,51,Low OA,8,fed,B,3433.812
20210915,51,Low OA,8,fed,B,2714.833
20210915,51,Low OA,8,fed,B,2663.158
20210915,51,Low OA,8,fed,B,2900.137
20210915,51,Low OA,8,fed,B,2293.072
20210915,51,Low OA,8,fed,B,2365.47
20210915,51,Low OA,8,fed,B,1905.437
20210915,51,Low OA,8,fed,B,2056.946
20210915,51,Low OA,8,fed,B,2189.658
20210915,51,Low OA,8,fed,B,3743.775
20210915,51,Low OA,8,fed,B,2187.385
20210915,51,Low OA,8,fed,B,2540.797
20210915,51,Low OA,8,fed,B,2932.777
20210915,51,Low OA,8,fed,B,3194.773
20210915,51,Low OA,8,fed,B,3606.37
20210915,51,Low OA,8,fed,B,2014.869
20210915,51,Low OA,8,fed,B,1903.799
20210915,51,Low OA,8,fed,B,2856.105
20210915,51,Low OA,8,fed,B,3160.811
20210915,51,Low OA,8,fed,B,3105.454
20210915,51,Low OA,8,fed,B,2650.686
20210915,51,Low OA,8,fed,B,2119.929
20210915,51,Low OA,8,fed,B,2438.069
20210915,51,Low OA,8,fed,B,2835.246
20210915,51,Low OA,8,fed,B,2454.338
20210915,51,Low OA,8,fed,B,2665.911
20210915,51,Low OA,8,fed,B,2254.918
20210915,51,Low OA,8,fed,B,2180.9
20210915,51,Low OA,8,fed,B,2498.6
20210915,51,Low OA,8,fed,B,2153.706
20210915,51,Low OA,8,fed,B,1628.84
20210915,51,Low OA,8,fed,B,2908.962
20210915,51,Low OA,8,fed,B,2341.682
20210915,51,Low OA,8,fed,B,2015.664
20210915,51,Low OA,8,fed,B,2449.145
20210915,51,Low OA,8,fed,B,2253.571
20210915,51,Low OA,8,fed,B,2253.459
20210915,51,Low OA,8,fed,B,2049.184
20210915,51,Low OA,8,fed,B,2368.142
20210915,51,Low OA,8,fed,B,2869.917
20210915,51,Low OA,8,fed,B,2017.002
20210915,51,Low OA,8,fed,B,1938.341
20210915,51,Low OA,8,fed,B,2201.678
20210915,51,Low OA,8,fed,B,2599.942
20210915,51,Low OA,8,fed,B,2635.757
20210915,51,Low OA,8,fed,B,2287.329
20210915,51,Low OA,8,fed,B,3066.492
20210915,51,Low OA,8,fed,B,1917.348
20210915,51,Low OA,8,fed,B,2579.887
20210915,51,Low OA,8,fed,B,2546.83
20210915,51,Low OA,8,fed,B,2480.446
20210915,51,Low OA,8,fed,B,2038.83
20210915,51,Low OA,8,fed,B,2042.384
20210915,51,Low OA,8,fed,B,2700.197
20210915,51,Low OA,8,fed,B,3025.161
20210915,51,Low OA,8,fed,B,2326.8
20210915,51,Low OA,8,fed,B,4885.605
20210915,51,Low OA,8,fed,B,2419.845
20210915,51,Low OA,8,fed,B,3311.918
20210915,51,Low OA,8,fed,B,1907.118
20210915,51,Low OA,8,fed,B,2745.931
20210915,51,Low OA,8,fed,B,1839.789
20210915,51,Low OA,8,fed,B,2574.292
20210915,51,Low OA,8,fed,B,2452.104
20210915,51,Low OA,8,fed,B,2316.74
20210915,51,Low OA,8,fed,B,2051.816
20210915,51,Low OA,8,fed,B,2433.361
20210915,51,Low OA,8,fed,B,2858.613
20210915,51,Low OA,8,fed,B,2246.902
20210915,51,Low OA,8,fed,B,2219.187
20210915,51,Low OA,8,fed,B,2435.405
20210915,51,Low OA,8,fed,B,2883.926
20210915,51,Low OA,8,fed,B,2366.788
20210915,51,Low OA,8,fed,B,2474.013
20210915,51,Low OA,8,fed,B,3293.23
20210915,51,Low OA,8,fed,B,4926.184
20210915,51,Low OA,8,fed,B,2814.831
20210915,51,Low OA,8,fed,B,2495.899
20210915,51,Low OA,8,fed,B,2729.515
20210915,51,Low OA,8,fed,C,1748.09
20210915,51,Low OA,8,fed,C,2238.141
20210915,51,Low OA,8,fed,C,2020.01
20210915,51,Low OA,8,fed,C,2280.351
20210915,51,Low OA,8,fed,C,1757.854
20210915,51,Low OA,8,fed,C,1909.637
20210915,51,Low OA,8,fed,C,3285.848
20210915,51,Low OA,8,fed,C,2314.009
20210915,51,Low OA,8,fed,C,3093.866
20210915,51,Low OA,8,fed,C,1688.818
20210915,51,Low OA,8,fed,C,1737.446
20210915,51,Low OA,8,fed,C,2681.27
20210915,51,Low OA,8,fed,C,1957.258
20210915,51,Low OA,8,fed,C,1847.518
20210915,51,Low OA,8,fed,C,1854.942
20210915,51,Low OA,8,fed,C,2400.815
20210915,51,Low OA,8,fed,C,1816.265
20210915,51,Low OA,8,fed,C,1895.988
20210915,51,Low OA,8,fed,C,1452.218
20210915,51,Low OA,8,fed,C,2110.162
20210915,51,Low OA,8,fed,C,2038.83
20210915,51,Low OA,8,fed,C,1773.422
20210915,51,Low OA,8,fed,C,1912.989
20210915,51,Low OA,8,fed,C,1931.107
20210915,51,Low OA,8,fed,C,2028.631
20210915,51,Low OA,8,fed,C,2223.628
20210915,51,Low OA,8,fed,C,1976.336
20210915,51,Low OA,8,fed,C,1477.03
20210915,51,Low OA,8,fed,C,1840.98
20210915,51,Low OA,8,fed,C,1875.195
20210915,51,Low OA,8,fed,C,1680.41
20210915,51,Low OA,8,fed,C,1672.413
20210915,51,Low OA,8,fed,C,1953.291
20210915,51,Low OA,8,fed,C,1981.789
20210915,51,Low OA,8,fed,C,3059.39
20210915,51,Low OA,8,fed,C,1994.639
20210915,51,Low OA,8,fed,C,2218.199
20210915,51,Low OA,8,fed,C,1831.797
20210915,51,Low OA,8,fed,C,1751.174
20210915,51,Low OA,8,fed,C,1829.863
20210915,51,Low OA,8,fed,C,1306.683
20210915,51,Low OA,8,fed,C,1757.518
20210915,51,Low OA,8,fed,C,2017.127
20210915,51,Low OA,8,fed,C,1718.955
20210915,51,Low OA,8,fed,C,1962.979
20210915,51,Low OA,8,fed,C,1736.524
20210915,51,Low OA,8,fed,C,1144.088
20210915,51,Low OA,8,fed,C,1935.076
20210915,51,Low OA,8,fed,C,2031.954
20210915,51,Low OA,8,fed,C,1996.836
20210915,51,Low OA,8,fed,C,2863.8
20210915,51,Low OA,8,fed,C,2008.582
20210915,51,Low OA,8,fed,C,1967.056
20210915,51,Low OA,8,fed,C,2196.732
20210915,51,Low OA,8,fed,C,2583.251
20210915,51,Low OA,8,fed,C,2219.946
20210915,51,Low OA,8,fed,C,2072.424
20210915,51,Low OA,8,fed,C,1832.487
20210915,51,Low OA,8,fed,C,1313.377
20210915,51,Low OA,8,fed,C,2874.819
20210915,51,Low OA,8,fed,C,2786.743
20210915,51,Low OA,8,fed,C,2784.2
20210915,51,Low OA,8,fed,C,4753.715
20210915,51,Low OA,8,fed,C,1602.906
20210915,51,Low OA,8,fed,C,1472.227
20210915,51,Low OA,8,fed,C,1997.849
20210915,51,Low OA,8,fed,C,1962.421
20210915,51,Low OA,8,fed,C,1476.517
20210915,51,Low OA,8,fed,C,1818.214
20210915,51,Low OA,8,fed,C,1736.475
20210915,51,Low OA,8,fed,C,1908.974
20210915,51,Low OA,8,fed,C,2119.929
20210915,51,Low OA,8,fed,C,2258.243
20210915,51,Low OA,8,fed,C,2558.259
20210915,51,Low OA,8,fed,C,2129.453
20210915,51,Low OA,8,fed,C,1563.712
20210915,51,Low OA,8,fed,C,1455.35
20210915,51,Low OA,8,fed,C,1572.798
20210915,51,Low OA,8,fed,C,1863.92
20210915,51,Low OA,8,fed,C,1816.033
20210915,51,Low OA,8,fed,D,3078.649
20210915,51,Low OA,8,fed,D,1986.845
20210915,51,Low OA,8,fed,D,1870.153
20210915,51,Low OA,8,fed,D,2036.43
20210915,51,Low OA,8,fed,D,1867.897
20210915,51,Low OA,8,fed,D,2497.385
20210915,51,Low OA,8,fed,D,2568.193
20210915,51,Low OA,8,fed,D,3560.747
20210915,51,Low OA,8,fed,D,2173.658
20210915,51,Low OA,8,fed,D,1878.116
20210915,51,Low OA,8,fed,D,2260.072
20210915,51,Low OA,8,fed,D,1379.505
20210915,51,Low OA,8,fed,D,2309.085
20210915,51,Low OA,8,fed,D,2121.599
20210915,51,Low OA,8,fed,D,2271.2
20210915,51,Low OA,8,fed,D,3023.042
20210915,51,Low OA,8,fed,D,1031.134
20210915,51,Low OA,8,fed,D,2995.922
20210915,51,Low OA,8,fed,D,2659.42
20210915,51,Low OA,8,fed,D,3181.788
20210915,51,Low OA,8,fed,D,2918.598
20210915,51,Low OA,8,fed,D,2183.218
20210915,51,Low OA,8,fed,D,1854.851
20210915,51,Low OA,8,fed,D,2319.686
20210915,51,Low OA,8,fed,D,2461.988
20210915,51,Low OA,8,fed,D,1523.841
20210915,51,Low OA,8,fed,D,1598.112
20210915,51,Low OA,8,fed,D,2716.293
20210915,51,Low OA,8,fed,D,2233.049
20210915,51,Low OA,8,fed,D,2434.609
20210915,51,Low OA,8,fed,D,1691.961
20210915,51,Low OA,8,fed,D,2571.736
20210915,51,Low OA,8,fed,D,1715.42
20210915,51,Low OA,8,fed,D,2404.395
20210915,51,Low OA,8,fed,D,1797.553
20210915,51,Low OA,8,fed,D,2699.385
20210915,51,Low OA,8,fed,D,2681.804
20210915,51,Low OA,8,fed,D,1436.28
20210915,51,Low OA,8,fed,D,2286.591
20210915,51,Low OA,8,fed,D,2254.768
20210915,51,Low OA,8,fed,D,2282.753
20210915,51,Low OA,8,fed,D,1902.913
20210915,51,Low OA,8,fed,D,1703.533
20210915,51,Low OA,8,fed,D,1671.303
20210915,51,Low OA,8,fed,D,1665.441
20210915,51,Low OA,8,fed,D,1802.565
20210915,51,Low OA,8,fed,D,2090.894
20210915,51,Low OA,8,fed,D,1766.276
20210915,51,Low OA,8,fed,D,2765.482
20210915,51,Low OA,8,fed,D,1851.939
20210915,51,Low OA,8,fed,D,2523.983
20210915,51,Low OA,8,fed,D,3072.206
20210915,51,Low OA,8,fed,D,1970.525
20210915,51,Low OA,8,fed,D,1994.3
20210915,51,Low OA,8,fed,D,2382.659
20210915,51,Low OA,8,fed,D,2501.028
20210915,51,Low OA,8,fed,D,2546.068
20210915,51,Low OA,8,fed,D,1994.3
20210915,51,Low OA,8,fed,D,2256.151
20210915,51,Low OA,8,fed,D,2244.198
20210915,51,Low OA,8,fed,D,2701.102
20210915,51,Low OA,8,fed,D,2573.998
20210915,51,Low OA,8,fed,D,2538.407
20210915,51,Low OA,8,fed,D,2600.59
20210915,51,Low OA,8,fed,D,2138.935
20210915,51,Low OA,8,fed,D,2791.701
20210915,51,Low OA,8,fed,D,2059.814
20210915,51,Low OA,8,fed,D,1844.046
20210915,51,Low OA,8,fed,D,3453.693
20210915,51,Low OA,8,fed,D,2174.24
20210915,51,Low OA,8,fed,D,2864.712
20210915,51,Low OA,8,fed,D,2551.725
20210915,51,Low OA,8,fed,D,2064.924
20210915,51,Low OA,8,fed,D,2810.064
20210915,51,Low OA,8,fed,D,2644.954
20210915,51,Low OA,8,fed,D,3130.36
20210915,51,Low OA,8,fed,D,2142.48
20210915,51,Low OA,8,fed,D,3364.957
20210915,51,Low OA,8,fed,D,2207.606
20210915,51,Low OA,8,fed,D,1701.948
20210915,51,Low OA,8,fed,D,2865.213
20210915,51,Low OA,8,fed,D,1864.282
20210915,51,Low OA,8,fed,D,2602.535
20210915,51,Low OA,8,fed,D,2015.831
20210915,51,Low OA,8,fed,D,2670.746
20210915,51,Low OA,8,fed,D,2436.167
20210915,51,Low OA,8,fed,D,2139.684
20210915,51,Low OA,8,fed,D,2269.268
20210915,51,Low OA,8,fed,D,2456.673
20210915,51,Low OA,8,fed,D,2741.229
20210915,51,Low OA,8,fed,D,2254.993
20210915,51,Low OA,8,fed,D,2139.487
20210915,51,Low OA,8,fed,D,1884.211
20210915,51,Low OA,8,fed,D,3845.235
20210915,51,Low OA,8,fed,D,2125.569
20210915,51,Low OA,8,fed,D,2872.267
20210915,51,Low OA,8,fed,D,3048.484
20210915,51,Low OA,8,fed,D,2213.709
20210915,51,Low OA,8,fed,D,2170.553
20210915,51,Low OA,8,fed,D,2942.421
20210915,51,Low OA,8,fed,D,3589.426
20210915,51,Low OA,8,fed,D,2249.602
20210915,51,Low OA,8,fed,D,2843.412
20210915,51,Low OA,8,fed,D,3885.481
20210915,51,Low OA,8,fed,D,2825.862
20210915,51,Low OA,8,fed,D,2045.231
20210915,51,Low OA,8,fed,D,2148.179
20210915,51,Moderate OA,7.5,fed,A,3664.722
20210915,51,Moderate OA,7.5,fed,A,1649.416
20210915,51,Moderate OA,7.5,fed,A,1856.986
20210915,51,Moderate OA,7.5,fed,A,2723.02
20210915,51,Moderate OA,7.5,fed,A,2154.293
20210915,51,Moderate OA,7.5,fed,A,2524.484
20210915,51,Moderate OA,7.5,fed,A,3091.085
20210915,51,Moderate OA,7.5,fed,A,3157.742
20210915,51,Moderate OA,7.5,fed,A,3210.149
20210915,51,Moderate OA,7.5,fed,A,2122.473
20210915,51,Moderate OA,7.5,fed,A,2748.171
20210915,51,Moderate OA,7.5,fed,A,1974.756
20210915,51,Moderate OA,7.5,fed,A,2324.624
20210915,51,Moderate OA,7.5,fed,A,1228.8
20210915,51,Moderate OA,7.5,fed,A,3403.525
20210915,51,Moderate OA,7.5,fed,A,1654.928
20210915,51,Moderate OA,7.5,fed,A,3365.558
20210915,51,Moderate OA,7.5,fed,A,1993.624
20210915,51,Moderate OA,7.5,fed,A,2029.961
20210915,51,Moderate OA,7.5,fed,A,2481.432
20210915,51,Moderate OA,7.5,fed,A,2667.461
20210915,51,Moderate OA,7.5,fed,A,1768.804
20210915,51,Moderate OA,7.5,fed,A,2975.164
20210915,51,Moderate OA,7.5,fed,A,3131.572
20210915,51,Moderate OA,7.5,fed,A,1983.49
20210915,51,Moderate OA,7.5,fed,A,1917.744
20210915,51,Moderate OA,7.5,fed,A,1847.7
20210915,51,Moderate OA,7.5,fed,A,2606.549
20210915,51,Moderate OA,7.5,fed,A,2317.25
20210915,51,Moderate OA,7.5,fed,A,2006.398
20210915,51,Moderate OA,7.5,fed,A,2332.627
20210915,51,Moderate OA,7.5,fed,A,1982.214
20210915,51,Moderate OA,7.5,fed,A,2374.826
20210915,51,Moderate OA,7.5,fed,A,3204.392
20210915,51,Moderate OA,7.5,fed,A,2920.244
20210915,51,Moderate OA,7.5,fed,A,2333.891
20210915,51,Moderate OA,7.5,fed,A,3545.179
20210915,51,Moderate OA,7.5,fed,A,2976.524
20210915,51,Moderate OA,7.5,fed,A,2551.328
20210915,51,Moderate OA,7.5,fed,A,2139.565
20210915,51,Moderate OA,7.5,fed,A,2381.243
20210915,51,Moderate OA,7.5,fed,A,2690.311
20210915,51,Moderate OA,7.5,fed,A,2262.719
20210915,51,Moderate OA,7.5,fed,A,2028.465
20210915,51,Moderate OA,7.5,fed,A,2156.796
20210915,51,Moderate OA,7.5,fed,A,2701.102
20210915,51,Moderate OA,7.5,fed,A,1926.692
20210915,51,Moderate OA,7.5,fed,A,2121.519
20210915,51,Moderate OA,7.5,fed,A,3293.025
20210915,51,Moderate OA,7.5,fed,A,2615.043
20210915,51,Moderate OA,7.5,fed,A,2398.707
20210915,51,Moderate OA,7.5,fed,A,1755.79
20210915,51,Moderate OA,7.5,fed,A,2098.823
20210915,51,Moderate OA,7.5,fed,A,2500.759
20210915,51,Moderate OA,7.5,fed,A,2390.115
20210915,51,Moderate OA,7.5,fed,A,2118.974
20210915,51,Moderate OA,7.5,fed,A,2308.792
20210915,51,Moderate OA,7.5,fed,A,1645.27
20210915,51,Moderate OA,7.5,fed,A,2346.681
20210915,51,Moderate OA,7.5,fed,A,2334.578
20210915,51,Moderate OA,7.5,fed,A,2129.097
20210915,51,Moderate OA,7.5,fed,A,3306.415
20210915,51,Moderate OA,7.5,fed,A,2348.98
20210915,51,Moderate OA,7.5,fed,A,2906.584
20210915,51,Moderate OA,7.5,fed,A,3235.579
20210915,51,Moderate OA,7.5,fed,A,2096.049
20210915,51,Moderate OA,7.5,fed,A,1704.324
20210915,51,Moderate OA,7.5,fed,A,2239.647
20210915,51,Moderate OA,7.5,fed,A,2255.217
20210915,51,Moderate OA,7.5,fed,A,1853.032
20210915,51,Moderate OA,7.5,fed,A,2553.772
20210915,51,Moderate OA,7.5,fed,A,2492.349
20210915,51,Moderate OA,7.5,fed,A,1300.214
20210915,51,Moderate OA,7.5,fed,A,1354.525
20210915,51,Moderate OA,7.5,fed,A,1855.669
20210915,51,Moderate OA,7.5,fed,A,1850.801
20210915,51,Moderate OA,7.5,fed,A,2394.098
20210915,51,Moderate OA,7.5,fed,A,2374.471
20210915,51,Moderate OA,7.5,fed,A,1795.065
20210915,51,Moderate OA,7.5,fed,B,2575.7
20210915,51,Moderate OA,7.5,fed,B,3413.543
20210915,51,Moderate OA,7.5,fed,B,2680.295
20210915,51,Moderate OA,7.5,fed,B,2984.53
20210915,51,Moderate OA,7.5,fed,B,3263.886
20210915,51,Moderate OA,7.5,fed,B,2314.009
20210915,51,Moderate OA,7.5,fed,B,2468.281
20210915,51,Moderate OA,7.5,fed,B,2616.235
20210915,51,Moderate OA,7.5,fed,B,3190.125
20210915,51,Moderate OA,7.5,fed,B,2518.13
20210915,51,Moderate OA,7.5,fed,B,2250.614
20210915,51,Moderate OA,7.5,fed,B,2271.905
20210915,51,Moderate OA,7.5,fed,B,2640.743
20210915,51,Moderate OA,7.5,fed,B,2211.498
20210915,51,Moderate OA,7.5,fed,B,2329.516
20210915,51,Moderate OA,7.5,fed,B,1983.448
20210915,51,Moderate OA,7.5,fed,B,2565.039
20210915,51,Moderate OA,7.5,fed,B,1680.209
20210915,51,Moderate OA,7.5,fed,B,1720.426
20210915,51,Moderate OA,7.5,fed,B,1771.281
20210915,51,Moderate OA,7.5,fed,B,2201.678
20210915,51,Moderate OA,7.5,fed,B,1612.87
20210915,51,Moderate OA,7.5,fed,B,2312.405
20210915,51,Moderate OA,7.5,fed,B,4667.006
20210915,51,Moderate OA,7.5,fed,B,2296.195
20210915,51,Moderate OA,7.5,fed,B,2558.226
20210915,51,Moderate OA,7.5,fed,B,2251.213
20210915,51,Moderate OA,7.5,fed,B,2820.606
20210915,51,Moderate OA,7.5,fed,B,1934.597
20210915,51,Moderate OA,7.5,fed,B,2145.351
20210915,51,Moderate OA,7.5,fed,B,3191.922
20210915,51,Moderate OA,7.5,fed,B,1756.318
20210915,51,Moderate OA,7.5,fed,B,2176.449
20210915,51,Moderate OA,7.5,fed,B,1984.51
20210915,51,Moderate OA,7.5,fed,B,3474.892
20210915,51,Moderate OA,7.5,fed,B,2727.816
20210915,51,Moderate OA,7.5,fed,B,1651.051
20210915,51,Moderate OA,7.5,fed,B,1729.664
20210915,51,Moderate OA,7.5,fed,B,1833.039
20210915,51,Moderate OA,7.5,fed,B,1713.797
20210915,51,Moderate OA,7.5,fed,B,3326.069
20210915,51,Moderate OA,7.5,fed,B,2366.503
20210915,51,Moderate OA,7.5,fed,B,2932.777
20210915,51,Moderate OA,7.5,fed,B,2153.667
20210915,51,Moderate OA,7.5,fed,B,3162.171
20210915,51,Moderate OA,7.5,fed,B,2283.233
20210915,51,Moderate OA,7.5,fed,B,1930.495
20210915,51,Moderate OA,7.5,fed,B,1984.977
20210915,51,Moderate OA,7.5,fed,B,1940.95
20210915,51,Moderate OA,7.5,fed,B,3191.948
20210915,51,Moderate OA,7.5,fed,B,2274.909
20210915,51,Moderate OA,7.5,fed,B,1789.703
20210915,51,Moderate OA,7.5,fed,B,3723.36
20210915,51,Moderate OA,7.5,fed,B,3015.53
20210915,51,Moderate OA,7.5,fed,B,3127.019
20210915,51,Moderate OA,7.5,fed,B,2032.618
20210915,51,Moderate OA,7.5,fed,C,1720.867
20210915,51,Moderate OA,7.5,fed,C,2406.568
20210915,51,Moderate OA,7.5,fed,C,1659.812
20210915,51,Moderate OA,7.5,fed,C,2795.142
20210915,51,Moderate OA,7.5,fed,C,2892.597
20210915,51,Moderate OA,7.5,fed,C,1673.572
20210915,51,Moderate OA,7.5,fed,C,2323.173
20210915,51,Moderate OA,7.5,fed,C,2425.865
20210915,51,Moderate OA,7.5,fed,C,1346.784
20210915,51,Moderate OA,7.5,fed,C,1741.179
20210915,51,Moderate OA,7.5,fed,C,2322.302
20210915,51,Moderate OA,7.5,fed,C,2496.068
20210915,51,Moderate OA,7.5,fed,C,1011.402
20210915,51,Moderate OA,7.5,fed,C,1933.899
20210915,51,Moderate OA,7.5,fed,C,2110.162
20210915,51,Moderate OA,7.5,fed,C,1761.926
20210915,51,Moderate OA,7.5,fed,C,1989.221
20210915,51,Moderate OA,7.5,fed,C,1343.337
20210915,51,Moderate OA,7.5,fed,C,2368.747
20210915,51,Moderate OA,7.5,fed,C,1797.366
20210915,51,Moderate OA,7.5,fed,C,1901.85
20210915,51,Moderate OA,7.5,fed,C,1906.499
20210915,51,Moderate OA,7.5,fed,C,2862.239
20210915,51,Moderate OA,7.5,fed,C,2066.761
20210915,51,Moderate OA,7.5,fed,C,2422.526
20210915,51,Moderate OA,7.5,fed,C,2785.805
20210915,51,Moderate OA,7.5,fed,C,2690.186
20210915,51,Moderate OA,7.5,fed,C,2612.849
20210915,51,Moderate OA,7.5,fed,C,2236.181
20210915,51,Moderate OA,7.5,fed,C,2177.998
20210915,51,Moderate OA,7.5,fed,C,2508.165
20210915,51,Moderate OA,7.5,fed,C,2510.82
20210915,51,Moderate OA,7.5,fed,C,2655.644
20210915,51,Moderate OA,7.5,fed,C,3832.76
20210915,51,Moderate OA,7.5,fed,C,2117.342
20210915,51,Moderate OA,7.5,fed,C,1879.507
20210915,51,Moderate OA,7.5,fed,C,2683.313
20210915,51,Moderate OA,7.5,fed,C,2025.803
20210915,51,Moderate OA,7.5,fed,C,1818.492
20210915,51,Moderate OA,7.5,fed,C,2334.939
20210915,51,Moderate OA,7.5,fed,C,1578.63
20210915,51,Moderate OA,7.5,fed,C,2628.454
20210915,51,Moderate OA,7.5,fed,C,2540.266
20210915,51,Moderate OA,7.5,fed,C,1726.883
20210915,51,Moderate OA,7.5,fed,C,2488.591
20210915,51,Moderate OA,7.5,fed,C,1812.873
20210915,51,Moderate OA,7.5,fed,C,2242.168
20210915,51,Moderate OA,7.5,fed,C,1644.091
20210915,51,Moderate OA,7.5,fed,C,2675.635
20210915,51,Moderate OA,7.5,fed,C,2269.565
20210915,51,Moderate OA,7.5,fed,C,3207.942
20210915,51,Moderate OA,7.5,fed,C,2525.586
20210915,51,Moderate OA,7.5,fed,C,2682.182
20210915,51,Moderate OA,7.5,fed,C,2976.269
20210915,51,Moderate OA,7.5,fed,C,2434.712
20210915,51,Moderate OA,7.5,fed,C,3649.574
20210915,51,Moderate OA,7.5,fed,C,1787.062
20210915,51,Moderate OA,7.5,fed,C,2415.032
20210915,51,Moderate OA,7.5,fed,C,2004.127
20210915,51,Moderate OA,7.5,fed,C,1591.768
20210915,51,Moderate OA,7.5,fed,C,1990.28
20210915,51,Moderate OA,7.5,fed,C,1842.354
20210915,51,Moderate OA,7.5,fed,C,1632.408
20210915,51,Moderate OA,7.5,fed,C,2550.171
20210915,51,Moderate OA,7.5,fed,C,1947.065
20210915,51,Moderate OA,7.5,fed,C,1858.393
20210915,51,Moderate OA,7.5,fed,C,2350.774
20210915,51,Moderate OA,7.5,fed,C,2077.909
20210915,51,Moderate OA,7.5,fed,C,2419.74
20210915,51,Moderate OA,7.5,fed,C,2483.3
20210915,51,Moderate OA,7.5,fed,C,1439.622
20210915,51,Moderate OA,7.5,fed,C,1882.6
20210915,51,Moderate OA,7.5,fed,C,2177.65
20210915,51,Moderate OA,7.5,fed,C,2280.351
20210915,51,Moderate OA,7.5,fed,C,4082.001
20210915,51,Moderate OA,7.5,fed,C,2779.168
20210915,51,Moderate OA,7.5,fed,C,1840.614
20210915,51,Moderate OA,7.5,fed,C,2533.719
20210915,51,Moderate OA,7.5,fed,C,1864.056
20210915,51,Moderate OA,7.5,fed,C,1900.209
20210915,51,Moderate OA,7.5,fed,C,2392.371
20210915,51,Moderate OA,7.5,fed,D,3614.31
20210915,51,Moderate OA,7.5,fed,D,3742.694
20210915,51,Moderate OA,7.5,fed,D,1644.655
20210915,51,Moderate OA,7.5,fed,D,1731.807
20210915,51,Moderate OA,7.5,fed,D,2065.578
20210915,51,Moderate OA,7.5,fed,D,1686.02
20210915,51,Moderate OA,7.5,fed,D,2065.047
20210915,51,Moderate OA,7.5,fed,D,3142.753
20210915,51,Moderate OA,7.5,fed,D,2976.949
20210915,51,Moderate OA,7.5,fed,D,1682.416
20210915,51,Moderate OA,7.5,fed,D,1657.168
20210915,51,Moderate OA,7.5,fed,D,1767.087
20210915,51,Moderate OA,7.5,fed,D,2049.349
20210915,51,Moderate OA,7.5,fed,D,3054.452
20210915,51,Moderate OA,7.5,fed,D,2592.147
20210915,51,Moderate OA,7.5,fed,D,1649.416
20210915,51,Moderate OA,7.5,fed,D,2521.877
20210915,51,Moderate OA,7.5,fed,D,1464.706
20210915,51,Moderate OA,7.5,fed,D,1459.342
20210915,51,Moderate OA,7.5,fed,D,2767.585
20210915,51,Moderate OA,7.5,fed,D,3485.479
20210915,51,Moderate OA,7.5,fed,D,1951.564
20210915,51,Moderate OA,7.5,fed,D,2297.92
20210915,51,Moderate OA,7.5,fed,D,2311.968
20210915,51,Moderate OA,7.5,fed,D,2121.519
20210915,51,Moderate OA,7.5,fed,D,2119.929
20210915,51,Moderate OA,7.5,fed,D,2246.714
20210915,51,Moderate OA,7.5,fed,D,1760.777
20210915,51,Moderate OA,7.5,fed,D,2731.646
20210915,51,Moderate OA,7.5,fed,D,2355.611
20210915,51,Moderate OA,7.5,fed,D,2672.482
20210915,51,Moderate OA,7.5,fed,D,2617.395
20210915,51,Moderate OA,7.5,fed,D,2081.031
20210915,51,Moderate OA,7.5,fed,D,2615.043
20210915,51,Moderate OA,7.5,fed,D,2134.476
20210915,51,Moderate OA,7.5,fed,D,1688.169
20210915,51,Moderate OA,7.5,fed,D,2189.235
20210915,51,Moderate OA,7.5,fed,D,1928.398
20210915,51,Moderate OA,7.5,fed,D,2060.673
20210915,51,Moderate OA,7.5,fed,D,3925.551
20210915,51,Moderate OA,7.5,fed,D,2165.263
20210915,51,Moderate OA,7.5,fed,D,2571.671
20210915,51,Moderate OA,7.5,fed,D,1437.864
20210915,51,Moderate OA,7.5,fed,D,2303.82
20210915,51,Moderate OA,7.5,fed,D,1922.837
20210915,51,Moderate OA,7.5,fed,D,2243.897
20210915,51,Moderate OA,7.5,fed,D,2281.571
20210915,51,Moderate OA,7.5,fed,D,2604.478
20210915,51,Moderate OA,7.5,fed,D,2357.472
20210915,51,Moderate OA,7.5,fed,D,2189.235
20210915,51,Moderate OA,7.5,fed,D,2161.639
20210915,51,Moderate OA,7.5,fed,D,2093.433
20210915,51,Moderate OA,7.5,fed,D,1880.09
20210915,51,Moderate OA,7.5,fed,D,2401.693
20210915,51,Moderate OA,7.5,fed,D,2336.635
20210915,51,Moderate OA,7.5,fed,D,2513.304
20210915,51,Moderate OA,7.5,fed,D,2165.652
20210915,51,Moderate OA,7.5,fed,D,2169.853
20210915,51,Moderate OA,7.5,fed,D,1812.873
20210915,51,Moderate OA,7.5,fed,D,1899.72
20210915,51,Moderate OA,7.5,fed,D,3819.229
20210915,51,Moderate OA,7.5,fed,D,1939.124
20210915,51,Moderate OA,7.5,fed,D,2938.292
20210915,51,Moderate OA,7.5,fed,D,2936.799
20210915,51,Moderate OA,7.5,fed,D,2701.102
20210915,51,Moderate OA,7.5,fed,D,1277.909
20210915,51,Moderate OA,7.5,fed,D,2215.156
20210915,51,Moderate OA,7.5,fed,D,1864.644
20210915,51,Moderate OA,7.5,fed,D,2259.587
20210915,51,Moderate OA,7.5,fed,D,1634.885
20210915,51,Moderate OA,7.5,fed,D,1889.44
20210915,51,Moderate OA,7.5,fed,D,1548.812
20210915,51,Moderate OA,7.5,fed,D,1533.878
20210915,51,Moderate OA,7.5,fed,D,1199.353
20210915,51,Moderate OA,7.5,fed,D,2407.443
20210915,51,Moderate OA,7.5,fed,D,2384.958
20210915,51,Moderate OA,7.5,fed,D,1539.256
20210915,51,Moderate OA,7.5,fed,D,1873.981
20210915,51,Moderate OA,7.5,fed,D,1399.892
20210915,51,Moderate OA,7.5,fed,D,2517.661
20210915,51,Moderate OA,7.5,fed,D,2253.422
20210915,51,Moderate OA,7.5,fed,D,1757.758
20210915,51,Moderate OA,7.5,fed,D,1993.624
20210915,51,Moderate OA,7.5,fed,D,1951.564
20210915,51,Moderate OA,7.5,fed,D,2527.188
20210915,51,Moderate OA,7.5,fed,D,2119.531
20210915,51,Moderate OA,7.5,fed,D,2668.946
20210928,64,Low OA,8,fed,A,4948.624
20210928,64,Low OA,8,fed,A,4774.982
20210928,64,Low OA,8,fed,A,3887.47
20210928,64,Low OA,8,fed,A,2925.868
20210928,64,Low OA,8,fed,A,3399.923
20210928,64,Low OA,8,fed,A,6049.598
20210928,64,Low OA,8,fed,A,2748.003
20210928,64,Low OA,8,fed,A,4947.408
20210928,64,Low OA,8,fed,A,7170.028
20210928,64,Low OA,8,fed,A,4838.401
20210928,64,Low OA,8,fed,A,3732.129
20210928,64,Low OA,8,fed,A,3386.454
20210928,64,Low OA,8,fed,A,4868.816
20210928,64,Low OA,8,fed,A,7787.278
20210928,64,Low OA,8,fed,A,6167.657
20210928,64,Low OA,8,fed,A,2090.827
20210928,64,Low OA,8,fed,A,3094.281
20210928,64,Low OA,8,fed,A,5346.912
20210928,64,Low OA,8,fed,A,2768.715
20210928,64,Low OA,8,fed,A,2874.687
20210928,64,Low OA,8,fed,A,4585.335
20210928,64,Low OA,8,fed,A,1902.972
20210928,64,Low OA,8,fed,A,5022.232
20210928,64,Low OA,8,fed,A,4652.744
20210928,64,Low OA,8,fed,A,3445.32
20210928,64,Low OA,8,fed,A,4388.616
20210928,64,Low OA,8,fed,A,2712.693
20210928,64,Low OA,8,fed,A,2935.371
20210928,64,Low OA,8,fed,A,6958.134
20210928,64,Low OA,8,fed,A,4334.325
20210928,64,Low OA,8,fed,A,3297.777
20210928,64,Low OA,8,fed,A,5855.709
20210928,64,Low OA,8,fed,A,4448.348
20210928,64,Low OA,8,fed,A,7755.339
20210928,64,Low OA,8,fed,A,4925.936
20210928,64,Low OA,8,fed,A,3945.481
20210928,64,Low OA,8,fed,A,3695.981
20210928,64,Low OA,8,fed,A,4133.584
20210928,64,Low OA,8,fed,A,4260.757
20210928,64,Low OA,8,fed,A,3989.018
20210928,64,Low OA,8,fed,A,4951.2
20210928,64,Low OA,8,fed,A,3209.987
20210928,64,Low OA,8,fed,A,2454.316
20210928,64,Low OA,8,fed,A,3013.301
20210928,64,Low OA,8,fed,A,3620.038
20210928,64,Low OA,8,fed,A,3010.727
20210928,64,Low OA,8,fed,A,2503.497
20210928,64,Low OA,8,fed,A,3960.759
20210928,64,Low OA,8,fed,A,2934.155
20210928,64,Low OA,8,fed,A,3194.696
20210928,64,Low OA,8,fed,A,4161.306
20210928,64,Low OA,8,fed,A,2435.749
20210928,64,Low OA,8,fed,A,5639.315
20210928,64,Low OA,8,fed,B,3280.438
20210928,64,Low OA,8,fed,B,5104.499
20210928,64,Low OA,8,fed,B,2956.255
20210928,64,Low OA,8,fed,B,4525.427
20210928,64,Low OA,8,fed,B,3061.633
20210928,64,Low OA,8,fed,B,6631.958
20210928,64,Low OA,8,fed,B,5586.952
20210928,64,Low OA,8,fed,B,3855.374
20210928,64,Low OA,8,fed,B,3353.76
20210928,64,Low OA,8,fed,B,3160.212
20210928,64,Low OA,8,fed,B,3878.643
20210928,64,Low OA,8,fed,B,3364.208
20210928,64,Low OA,8,fed,B,2272.634
20210928,64,Low OA,8,fed,B,3101.132
20210928,64,Low OA,8,fed,B,2850.881
20210928,64,Low OA,8,fed,B,3355.189
20210928,64,Low OA,8,fed,B,2673.599
20210928,64,Low OA,8,fed,B,4172.495
20210928,64,Low OA,8,fed,B,1998.98
20210928,64,Low OA,8,fed,B,3750.345
20210928,64,Low OA,8,fed,B,3284.572
20210928,64,Low OA,8,fed,B,3567.892
20210928,64,Low OA,8,fed,B,4531.353
20210928,64,Low OA,8,fed,B,3443.484
20210928,64,Low OA,8,fed,B,3705.106
20210928,64,Low OA,8,fed,B,2602.127
20210928,64,Low OA,8,fed,B,2905.328
20210928,64,Low OA,8,fed,B,4009.782
20210928,64,Low OA,8,fed,B,2770.888
20210928,64,Low OA,8,fed,B,4226.064
20210928,64,Low OA,8,fed,B,2486.487
20210928,64,Low OA,8,fed,B,4604.519
20210928,64,Low OA,8,fed,B,4266.978
20210928,64,Low OA,8,fed,B,3877.775
20210928,64,Low OA,8,fed,B,3689.682
20210928,64,Low OA,8,fed,B,2229.076
20210928,64,Low OA,8,fed,B,4499.087
20210928,64,Low OA,8,fed,B,6056.828
20210928,64,Low OA,8,fed,B,3879.353
20210928,64,Low OA,8,fed,B,3692.777
20210928,64,Low OA,8,fed,B,4974.901
20210928,64,Low OA,8,fed,B,3415.342
20210928,64,Low OA,8,fed,B,2716.338
20210928,64,Low OA,8,fed,B,3213.228
20210928,64,Low OA,8,fed,B,2854.172
20210928,64,Low OA,8,fed,C,3185.517
20210928,64,Low OA,8,fed,C,2892.342
20210928,64,Low OA,8,fed,C,3514.653
20210928,64,Low OA,8,fed,C,2789.566
20210928,64,Low OA,8,fed,C,3117.93
20210928,64,Low OA,8,fed,C,4531.623
20210928,64,Low OA,8,fed,C,1949.579
20210928,64,Low OA,8,fed,C,4462.202
20210928,64,Low OA,8,fed,C,4362.689
20210928,64,Low OA,8,fed,C,5132.9
20210928,64,Low OA,8,fed,C,3357.894
20210928,64,Low OA,8,fed,C,3189.742
20210928,64,Low OA,8,fed,C,2834.516
20210928,64,Low OA,8,fed,C,2876.851
20210928,64,Low OA,8,fed,C,2837.826
20210928,64,Low OA,8,fed,C,5985.018
20210928,64,Low OA,8,fed,C,3174.995
20210928,64,Low OA,8,fed,C,2788.395
20210928,64,Low OA,8,fed,C,2955.461
20210928,64,Low OA,8,fed,C,3264.351
20210928,64,Low OA,8,fed,C,5659.883
20210928,64,Low OA,8,fed,C,3210.401
20210928,64,Low OA,8,fed,C,3221.44
20210928,64,Low OA,8,fed,C,3113.968
20210928,64,Low OA,8,fed,C,2494.843
20210928,64,Low OA,8,fed,C,5137.589
20210928,64,Low OA,8,fed,C,3371.629
20210928,64,Low OA,8,fed,C,3543.216
20210928,64,Low OA,8,fed,C,2881.386
20210928,64,Low OA,8,fed,C,2765.175
20210928,64,Low OA,8,fed,C,3491.091
20210928,64,Low OA,8,fed,C,2661.514
20210928,64,Low OA,8,fed,C,3288.017
20210928,64,Low OA,8,fed,C,4483.823
20210928,64,Low OA,8,fed,C,3002.719
20210928,64,Low OA,8,fed,C,2846.548
20210928,64,Low OA,8,fed,C,3253.708
20210928,64,Low OA,8,fed,C,2697.305
20210928,64,Low OA,8,fed,C,3130.893
20210928,64,Low OA,8,fed,C,2858.065
20210928,64,Low OA,8,fed,C,2205.981
20210928,64,Low OA,8,fed,C,3437.286
20210928,64,Low OA,8,fed,C,2710.624
20210928,64,Low OA,8,fed,C,3194.823
20210928,64,Low OA,8,fed,C,3433.841
20210928,64,Low OA,8,fed,C,3816.571
20210928,64,Low OA,8,fed,C,2300.874
20210928,64,Low OA,8,fed,C,2328.334
20210928,64,Low OA,8,fed,C,3085.433
20210928,64,Low OA,8,fed,C,3166.114
20210928,64,Low OA,8,fed,C,3176.923
20210928,64,Low OA,8,fed,C,1805.476
20210928,64,Low OA,8,fed,C,3797.491
20210928,64,Low OA,8,fed,C,1597.348
20210928,64,Low OA,8,fed,C,4852.612
20210928,64,Low OA,8,fed,C,2889.377
20210928,64,Low OA,8,fed,C,3518.743
20210928,64,Low OA,8,fed,C,1901.148
20210928,64,Low OA,8,fed,C,1968.172
20210928,64,Low OA,8,fed,C,1874.724
20210928,64,Low OA,8,fed,C,2203.158
20210928,64,Low OA,8,fed,C,3141.66
20210928,64,Low OA,8,fed,C,2153.941
20210928,64,Low OA,8,fed,C,3198.206
20210928,64,Low OA,8,fed,C,2001.632
20210928,64,Low OA,8,fed,C,2828.86
20210928,64,Low OA,8,fed,C,2284.945
20210928,64,Low OA,8,fed,C,3161.6
20210928,64,Low OA,8,fed,C,2268.005
20210928,64,Low OA,8,fed,C,2716.263
20210928,64,Low OA,8,fed,C,2434.408
20210928,64,Low OA,8,fed,C,2783.048
20210928,64,Low OA,8,fed,C,1787.816
20210928,64,Low OA,8,fed,C,5467.214
20210928,64,Low OA,8,fed,C,2558.438
20210928,64,Low OA,8,fed,C,2573.11
20210928,64,Low OA,8,fed,C,2686.048
20210928,64,Low OA,8,fed,C,2117.253
20210928,64,Low OA,8,fed,D,2816.934
20210928,64,Low OA,8,fed,D,3023.846
20210928,64,Low OA,8,fed,D,5229.618
20210928,64,Low OA,8,fed,D,2422.308
20210928,64,Low OA,8,fed,D,3104.157
20210928,64,Low OA,8,fed,D,3965.496
20210928,64,Low OA,8,fed,D,3612.138
20210928,64,Low OA,8,fed,D,3151.613
20210928,64,Low OA,8,fed,D,5172.972
20210928,64,Low OA,8,fed,D,4804.694
20210928,64,Low OA,8,fed,D,3762.811
20210928,64,Low OA,8,fed,D,3343.188
20210928,64,Low OA,8,fed,D,4332.559
20210928,64,Low OA,8,fed,D,1987.207
20210928,64,Low OA,8,fed,D,2427.231
20210928,64,Low OA,8,fed,D,4710.882
20210928,64,Low OA,8,fed,D,3630.366
20210928,64,Low OA,8,fed,D,3642.71
20210928,64,Low OA,8,fed,D,2269.804
20210928,64,Low OA,8,fed,D,2155.03
20210928,64,Low OA,8,fed,D,6424.375
20210928,64,Low OA,8,fed,D,3424.202
20210928,64,Low OA,8,fed,D,3841.589
20210928,64,Low OA,8,fed,D,2674.629
20210928,64,Low OA,8,fed,D,3217.226
20210928,64,Low OA,8,fed,D,3635.645
20210928,64,Low OA,8,fed,D,4546.838
20210928,64,Low OA,8,fed,D,2814.869
20210928,64,Low OA,8,fed,D,1886.874
20210928,64,Low OA,8,fed,D,3194.728
20210928,64,Low OA,8,fed,D,4182.044
20210928,64,Low OA,8,fed,D,4945.51
20210928,64,Low OA,8,fed,D,4908.466
20210928,64,Low OA,8,fed,D,3862.67
20210928,64,Low OA,8,fed,D,2466.217
20210928,64,Low OA,8,fed,D,5415.617
20210928,64,Low OA,8,fed,D,3648.418
20210928,64,Low OA,8,fed,D,3270.845
20210928,64,Low OA,8,fed,D,2916.368
20210928,64,Low OA,8,fed,D,2476.167
20210928,64,Low OA,8,fed,D,3311.299
20210928,64,Low OA,8,fed,D,3089.266
20210928,64,Low OA,8,fed,D,5658.91
20210928,64,Low OA,8,fed,D,2729.489
20210928,64,Low OA,8,fed,D,3981.645
20210928,64,Low OA,8,fed,D,5654.906
20210928,64,Low OA,8,fed,D,6787.908
20210928,64,Low OA,8,fed,D,4165.643
20210928,64,Low OA,8,fed,D,5810.463
20210928,64,Low OA,8,fed,D,2422.519
20210928,64,Low OA,8,fed,D,4216.76
20210928,64,Low OA,8,fed,D,3008.829
20210928,64,Low OA,8,fed,D,2372.778
20210928,64,Low OA,8,fed,D,4405.298
20210928,64,Low OA,8,fed,D,3957.358
20210928,64,Low OA,8,fed,D,4066.374
20210928,64,Low OA,8,fed,D,6420.261
20210928,64,Low OA,8,fed,D,2768.825
20210928,64,Low OA,8,fed,D,5774.816
20210928,64,Low OA,8,fed,D,4053.936
20210928,64,Low OA,8,fed,D,3411.636
20210928,64,Low OA,8,fed,D,4911.168
20210928,64,Moderate OA,7.5,fed,A,6261.948
20210928,64,Moderate OA,7.5,fed,A,2841.275
20210928,64,Moderate OA,7.5,fed,A,2032.685
20210928,64,Moderate OA,7.5,fed,A,5375.513
20210928,64,Moderate OA,7.5,fed,A,4940.887
20210928,64,Moderate OA,7.5,fed,A,2810.226
20210928,64,Moderate OA,7.5,fed,A,2117.204
20210928,64,Moderate OA,7.5,fed,A,3440.105
20210928,64,Moderate OA,7.5,fed,A,3500.692
20210928,64,Moderate OA,7.5,fed,A,2634.042
20210928,64,Moderate OA,7.5,fed,A,2648.757
20210928,64,Moderate OA,7.5,fed,A,2994.247
20210928,64,Moderate OA,7.5,fed,A,3168.53
20210928,64,Moderate OA,7.5,fed,A,2975.037
20210928,64,Moderate OA,7.5,fed,A,2015.346
20210928,64,Moderate OA,7.5,fed,A,2982.23
20210928,64,Moderate OA,7.5,fed,A,2856.423
20210928,64,Moderate OA,7.5,fed,A,2755.788
20210928,64,Moderate OA,7.5,fed,A,3447.126
20210928,64,Moderate OA,7.5,fed,A,2044.446
20210928,64,Moderate OA,7.5,fed,A,2088.923
20210928,64,Moderate OA,7.5,fed,A,3300.374
20210928,64,Moderate OA,7.5,fed,A,3392.624
20210928,64,Moderate OA,7.5,fed,A,4038.278
20210928,64,Moderate OA,7.5,fed,A,3559.045
20210928,64,Moderate OA,7.5,fed,A,5957.152
20210928,64,Moderate OA,7.5,fed,A,2686.086
20210928,64,Moderate OA,7.5,fed,A,3675.831
20210928,64,Moderate OA,7.5,fed,A,5965.024
20210928,64,Moderate OA,7.5,fed,A,2335.858
20210928,64,Moderate OA,7.5,fed,A,3049.547
20210928,64,Moderate OA,7.5,fed,A,4050.613
20210928,64,Moderate OA,7.5,fed,A,2486.364
20210928,64,Moderate OA,7.5,fed,A,2861.882
20210928,64,Moderate OA,7.5,fed,A,2756.899
20210928,64,Moderate OA,7.5,fed,A,2238.439
20210928,64,Moderate OA,7.5,fed,A,3653.029
20210928,64,Moderate OA,7.5,fed,A,2885.455
20210928,64,Moderate OA,7.5,fed,A,2982.23
20210928,64,Moderate OA,7.5,fed,A,2207.599
20210928,64,Moderate OA,7.5,fed,A,6131.009
20210928,64,Moderate OA,7.5,fed,A,2105.656
20210928,64,Moderate OA,7.5,fed,A,4490.712
20210928,64,Moderate OA,7.5,fed,A,4214.63
20210928,64,Moderate OA,7.5,fed,A,1974.537
20210928,64,Moderate OA,7.5,fed,A,2352.006
20210928,64,Moderate OA,7.5,fed,A,3232.221
20210928,64,Moderate OA,7.5,fed,A,4879.992
20210928,64,Moderate OA,7.5,fed,A,4646.096
20210928,64,Moderate OA,7.5,fed,A,2253.293
20210928,64,Moderate OA,7.5,fed,A,3187.982
20210928,64,Moderate OA,7.5,fed,A,3588.875
20210928,64,Moderate OA,7.5,fed,A,3679.825
20210928,64,Moderate OA,7.5,fed,A,7160.531
20210928,64,Moderate OA,7.5,fed,A,3903.472
20210928,64,Moderate OA,7.5,fed,A,6342.805
20210928,64,Moderate OA,7.5,fed,A,3000.442
20210928,64,Moderate OA,7.5,fed,A,1741.625
20210928,64,Moderate OA,7.5,fed,A,3207.444
20210928,64,Moderate OA,7.5,fed,B,5057.131
20210928,64,Moderate OA,7.5,fed,B,3088.077
20210928,64,Moderate OA,7.5,fed,B,3370.903
20210928,64,Moderate OA,7.5,fed,B,3103.466
20210928,64,Moderate OA,7.5,fed,B,2972.499
20210928,64,Moderate OA,7.5,fed,B,2822.433
20210928,64,Moderate OA,7.5,fed,B,3311.761
20210928,64,Moderate OA,7.5,fed,B,3672.471
20210928,64,Moderate OA,7.5,fed,B,3188.43
20210928,64,Moderate OA,7.5,fed,B,3976.184
20210928,64,Moderate OA,7.5,fed,B,2762.185
20210928,64,Moderate OA,7.5,fed,B,2775.266
20210928,64,Moderate OA,7.5,fed,B,4040.703
20210928,64,Moderate OA,7.5,fed,B,4600.196
20210928,64,Moderate OA,7.5,fed,B,4418.733
20210928,64,Moderate OA,7.5,fed,B,2881.634
20210928,64,Moderate OA,7.5,fed,B,3246.394
20210928,64,Moderate OA,7.5,fed,B,1906.293
20210928,64,Moderate OA,7.5,fed,B,4474.531
20210928,64,Moderate OA,7.5,fed,B,2087.897
20210928,64,Moderate OA,7.5,fed,B,4199.304
20210928,64,Moderate OA,7.5,fed,B,2071.217
20210928,64,Moderate OA,7.5,fed,B,4476.445
20210928,64,Moderate OA,7.5,fed,B,3922.947
20210928,64,Moderate OA,7.5,fed,B,4994.59
20210928,64,Moderate OA,7.5,fed,B,2268.455
20210928,64,Moderate OA,7.5,fed,B,2720.354
20210928,64,Moderate OA,7.5,fed,B,2684.718
20210928,64,Moderate OA,7.5,fed,B,3251.606
20210928,64,Moderate OA,7.5,fed,B,3904.648
20210928,64,Moderate OA,7.5,fed,B,3232.221
20210928,64,Moderate OA,7.5,fed,B,1929.221
20210928,64,Moderate OA,7.5,fed,B,4810.996
20210928,64,Moderate OA,7.5,fed,B,2392.645
20210928,64,Moderate OA,7.5,fed,B,8486.88
20210928,64,Moderate OA,7.5,fed,B,3022.496
20210928,64,Moderate OA,7.5,fed,B,4535.763
20210928,64,Moderate OA,7.5,fed,B,3728.191
20210928,64,Moderate OA,7.5,fed,B,3679.825
20210928,64,Moderate OA,7.5,fed,B,4254.503
20210928,64,Moderate OA,7.5,fed,B,4918.454
20210928,64,Moderate OA,7.5,fed,B,2000
20210928,64,Moderate OA,7.5,fed,B,3853.944
20210928,64,Moderate OA,7.5,fed,B,3612.11
20210928,64,Moderate OA,7.5,fed,B,5173.978
20210928,64,Moderate OA,7.5,fed,B,3422.98
20210928,64,Moderate OA,7.5,fed,B,4242.809
20210928,64,Moderate OA,7.5,fed,B,5437.576
20210928,64,Moderate OA,7.5,fed,B,2996.189
20210928,64,Moderate OA,7.5,fed,C,4610.121
20210928,64,Moderate OA,7.5,fed,C,5199.548
20210928,64,Moderate OA,7.5,fed,C,3270.596
20210928,64,Moderate OA,7.5,fed,C,2788.395
20210928,64,Moderate OA,7.5,fed,C,3454.103
20210928,64,Moderate OA,7.5,fed,C,2885.561
20210928,64,Moderate OA,7.5,fed,C,2491.078
20210928,64,Moderate OA,7.5,fed,C,4679.353
20210928,64,Moderate OA,7.5,fed,C,3330.193
20210928,64,Moderate OA,7.5,fed,C,3371.357
20210928,64,Moderate OA,7.5,fed,C,7724.931
20210928,64,Moderate OA,7.5,fed,C,2850.309
20210928,64,Moderate OA,7.5,fed,C,4841.183
20210928,64,Moderate OA,7.5,fed,C,2833.112
20210928,64,Moderate OA,7.5,fed,C,4339.265
20210928,64,Moderate OA,7.5,fed,C,4767.99
20210928,64,Moderate OA,7.5,fed,C,2340.701
20210928,64,Moderate OA,7.5,fed,C,4431.804
20210928,64,Moderate OA,7.5,fed,C,3599.689
20210928,64,Moderate OA,7.5,fed,C,3927.781
20210928,64,Moderate OA,7.5,fed,C,2508.545
20210928,64,Moderate OA,7.5,fed,C,3079.873
20210928,64,Moderate OA,7.5,fed,C,3773.234
20210928,64,Moderate OA,7.5,fed,C,3651.996
20210928,64,Moderate OA,7.5,fed,C,3430.245
20210928,64,Moderate OA,7.5,fed,C,4600.019
20210928,64,Moderate OA,7.5,fed,C,5352.328
20210928,64,Moderate OA,7.5,fed,C,4642.933
20210928,64,Moderate OA,7.5,fed,C,3707.666
20210928,64,Moderate OA,7.5,fed,C,3718.766
20210928,64,Moderate OA,7.5,fed,C,2760.116
20210928,64,Moderate OA,7.5,fed,C,2646.33
20210928,64,Moderate OA,7.5,fed,C,3633.961
20210928,64,Moderate OA,7.5,fed,C,3877.459
20210928,64,Moderate OA,7.5,fed,C,3461.509
20210928,64,Moderate OA,7.5,fed,C,4643.46
20210928,64,Moderate OA,7.5,fed,C,4196.388
20210928,64,Moderate OA,7.5,fed,C,3060.867
20210928,64,Moderate OA,7.5,fed,C,4005.327
20210928,64,Moderate OA,7.5,fed,C,2820.227
20210928,64,Moderate OA,7.5,fed,C,2840.413
20210928,64,Moderate OA,7.5,fed,C,2301.938
20210928,64,Moderate OA,7.5,fed,C,2705.915
20210928,64,Moderate OA,7.5,fed,C,4452.864
20210928,64,Moderate OA,7.5,fed,C,5457.147
20210928,64,Moderate OA,7.5,fed,C,4382.125
20210928,64,Moderate OA,7.5,fed,C,3843.288
20210928,64,Moderate OA,7.5,fed,C,4241.077
20210928,64,Moderate OA,7.5,fed,C,8204.612
20210928,64,Moderate OA,7.5,fed,C,3528.674
20210928,64,Moderate OA,7.5,fed,C,2525.124
20210928,64,Moderate OA,7.5,fed,C,1612.603
20210928,64,Moderate OA,7.5,fed,C,3229.695
20210928,64,Moderate OA,7.5,fed,C,4428.212
20210928,64,Moderate OA,7.5,fed,C,2471.218
20210928,64,Moderate OA,7.5,fed,C,3229.127
20210928,64,Moderate OA,7.5,fed,C,3398.633
20210928,64,Moderate OA,7.5,fed,C,3316.471
20210928,64,Moderate OA,7.5,fed,D,3492.99
20210928,64,Moderate OA,7.5,fed,D,2856.994
20210928,64,Moderate OA,7.5,fed,D,4074.195
20210928,64,Moderate OA,7.5,fed,D,2721.704
20210928,64,Moderate OA,7.5,fed,D,4237.636
20210928,64,Moderate OA,7.5,fed,D,3062.699
20210928,64,Moderate OA,7.5,fed,D,4283.872
20210928,64,Moderate OA,7.5,fed,D,3128.904
20210928,64,Moderate OA,7.5,fed,D,3526.707
20210928,64,Moderate OA,7.5,fed,D,2597.143
20210928,64,Moderate OA,7.5,fed,D,4777.032
20210928,64,Moderate OA,7.5,fed,D,4486.371
20210928,64,Moderate OA,7.5,fed,D,4235.589
20210928,64,Moderate OA,7.5,fed,D,3574.291
20210928,64,Moderate OA,7.5,fed,D,3559.561
20210928,64,Moderate OA,7.5,fed,D,3213.545
20210928,64,Moderate OA,7.5,fed,D,4725.909
20210928,64,Moderate OA,7.5,fed,D,4387.755
20210928,64,Moderate OA,7.5,fed,D,3477.446
20210928,64,Moderate OA,7.5,fed,D,3026.544
20210928,64,Moderate OA,7.5,fed,D,2294.747
20210928,64,Moderate OA,7.5,fed,D,3449.167
20210928,64,Moderate OA,7.5,fed,D,4968.663
20210928,64,Moderate OA,7.5,fed,D,8577.943
20210928,64,Moderate OA,7.5,fed,D,4446.146
20210928,64,Moderate OA,7.5,fed,D,3788.426
20210928,64,Moderate OA,7.5,fed,D,3965.084
20210928,64,Moderate OA,7.5,fed,D,3686.39
20210928,64,Moderate OA,7.5,fed,D,2929.979
20210928,64,Moderate OA,7.5,fed,D,4124.788
20210928,64,Moderate OA,7.5,fed,D,2435.246
20210928,64,Moderate OA,7.5,fed,D,3114.132
20210928,64,Moderate OA,7.5,fed,D,3468.84
20210928,64,Moderate OA,7.5,fed,D,3256.936
20210928,64,Moderate OA,7.5,fed,D,4458.153
20210928,64,Moderate OA,7.5,fed,D,3882.823
20210928,64,Moderate OA,7.5,fed,D,4028.971
20210928,64,Moderate OA,7.5,fed,D,4858.433
20210928,64,Moderate OA,7.5,fed,D,3490.799
20210928,64,Moderate OA,7.5,fed,D,3442.773
20210928,64,Moderate OA,7.5,fed,D,3591.518
20210928,64,Moderate OA,7.5,fed,D,3548.251
20210928,64,Moderate OA,7.5,fed,D,2592.111
20210928,64,Moderate OA,7.5,fed,D,3310.066
20210928,64,Moderate OA,7.5,fed,D,3880.194
20210928,64,Moderate OA,7.5,fed,D,2214.244
20210928,64,Moderate OA,7.5,fed,D,1805.306
20210928,64,Moderate OA,7.5,fed,D,3290.034
20210928,64,Moderate OA,7.5,fed,D,6347.42
20210928,64,Moderate OA,7.5,fed,D,4300.131
20210928,64,Moderate OA,7.5,fed,D,4014.512
20210928,64,Moderate OA,7.5,fed,D,3372.93
20210928,64,Moderate OA,7.5,fed,D,4831.458
20210928,64,Moderate OA,7.5,fed,D,2838.401
20210928,64,Moderate OA,7.5,fed,D,2892.342
20210928,64,Moderate OA,7.5,fed,D,2894.069
20210928,64,Moderate OA,7.5,fed,D,2909.083
20210928,64,Moderate OA,7.5,fed,D,1363.08
20210928,64,Moderate OA,7.5,fed,D,2533.191
20210928,64,Moderate OA,7.5,fed,D,3258.439
20210928,64,Moderate OA,7.5,fed,D,3720.082
20210928,64,Moderate OA,7.5,fed,D,2802.045
20210928,64,Moderate OA,7.5,fed,D,3264.82
20210928,64,Moderate OA,7.5,fed,D,3083.58
20210928,64,Moderate OA,7.5,fed,D,3440.105
20210928,64,Moderate OA,7.5,fed,D,3290.034
20210928,64,Low OA,8,unfed,A,2017.269
20210928,64,Low OA,8,unfed,A,2493.206
20210928,64,Low OA,8,unfed,A,2082.662
20210928,64,Low OA,8,unfed,A,2051.47
20210928,64,Low OA,8,unfed,A,2964.112
20210928,64,Low OA,8,unfed,A,2860.313
20210928,64,Low OA,8,unfed,A,2519.259
20210928,64,Low OA,8,unfed,A,1944.444
20210928,64,Low OA,8,unfed,A,2603.107
20210928,64,Low OA,8,unfed,A,1850.239
20210928,64,Low OA,8,unfed,A,2442.775
20210928,64,Low OA,8,unfed,A,2586.042
20210928,64,Low OA,8,unfed,A,2848.984
20210928,64,Low OA,8,unfed,A,2606.202
20210928,64,Low OA,8,unfed,A,2238.439
20210928,64,Low OA,8,unfed,A,1959.496
20210928,64,Low OA,8,unfed,A,2535.244
20210928,64,Low OA,8,unfed,A,1641.758
20210928,64,Low OA,8,unfed,A,1535.807
20210928,64,Low OA,8,unfed,A,2106.819
20210928,64,Low OA,8,unfed,A,2180.397
20210928,64,Low OA,8,unfed,A,1689.412
20210928,64,Low OA,8,unfed,A,2791.321
20210928,64,Low OA,8,unfed,A,2161.506
20210928,64,Low OA,8,unfed,A,2435.413
20210928,64,Low OA,8,unfed,A,2599.774
20210928,64,Low OA,8,unfed,A,2717.202
20210928,64,Low OA,8,unfed,A,3482.108
20210928,64,Low OA,8,unfed,A,2380.376
20210928,64,Low OA,8,unfed,A,2325.572
20210928,64,Low OA,8,unfed,A,1656.604
20210928,64,Low OA,8,unfed,A,4475.784
20210928,64,Low OA,8,unfed,A,1482.538
20210928,64,Low OA,8,unfed,A,2382.903
20210928,64,Low OA,8,unfed,A,2813.817
20210928,64,Low OA,8,unfed,A,2546.968
20210928,64,Low OA,8,unfed,A,2263.412
20210928,64,Low OA,8,unfed,A,1907.737
20210928,64,Low OA,8,unfed,A,2217.513
20210928,64,Low OA,8,unfed,A,3048.844
20210928,64,Low OA,8,unfed,A,1800.1
20210928,64,Low OA,8,unfed,A,2508.342
20210928,64,Low OA,8,unfed,A,2618.231
20210928,64,Low OA,8,unfed,A,2143.067
20210928,64,Low OA,8,unfed,A,3021.585
20210928,64,Low OA,8,unfed,A,2434.408
20210928,64,Low OA,8,unfed,A,4307.171
20210928,64,Low OA,8,unfed,A,1977.686
20210928,64,Low OA,8,unfed,A,3351.234
20210928,64,Low OA,8,unfed,A,2817.622
20210928,64,Low OA,8,unfed,A,2207.045
20210928,64,Low OA,8,unfed,A,2793.659
20210928,64,Low OA,8,unfed,A,2651.183
20210928,64,Low OA,8,unfed,A,3208.875
20210928,64,Low OA,8,unfed,A,1930.278
20210928,64,Low OA,8,unfed,A,2198.941
20210928,64,Low OA,8,unfed,A,1583.943
20210928,64,Low OA,8,unfed,A,1369.576
20210928,64,Low OA,8,unfed,A,1845.38
20210928,64,Low OA,8,unfed,A,1989.669
20210928,64,Low OA,8,unfed,A,2276.401
20210928,64,Low OA,8,unfed,A,2218.663
20210928,64,Low OA,8,unfed,A,2258.042
20210928,64,Low OA,8,unfed,A,2734.717
20210928,64,Low OA,8,unfed,A,1919.891
20210928,64,Low OA,8,unfed,A,1984.432
20210928,64,Low OA,8,unfed,A,3549.429
20210928,64,Low OA,8,unfed,A,2499.133
20210928,64,Low OA,8,unfed,A,2268.005
20210928,64,Low OA,8,unfed,A,2564.213
20210928,64,Low OA,8,unfed,A,1852.553
20210928,64,Low OA,8,unfed,A,2632.182
20210928,64,Low OA,8,unfed,A,2800.042
20210928,64,Low OA,8,unfed,A,3143.218
20210928,64,Low OA,8,unfed,A,2831.888
20210928,64,Low OA,8,unfed,A,2409.471
20210928,64,Low OA,8,unfed,A,2884.147
20210928,64,Low OA,8,unfed,A,2607.415
20210928,64,Low OA,8,unfed,A,2078.74
20210928,64,Low OA,8,unfed,A,1545.079
20210928,64,Low OA,8,unfed,A,2586.871
20210928,64,Low OA,8,unfed,A,2134.146
20210928,64,Low OA,8,unfed,A,2251.391
20210928,64,Low OA,8,unfed,B,2011.242
20210928,64,Low OA,8,unfed,B,1858.326
20210928,64,Low OA,8,unfed,B,2214.797
20210928,64,Low OA,8,unfed,B,2571.801
20210928,64,Low OA,8,unfed,B,2872.557
20210928,64,Low OA,8,unfed,B,2197.409
20210928,64,Low OA,8,unfed,B,2287.087
20210928,64,Low OA,8,unfed,B,2518.935
20210928,64,Low OA,8,unfed,B,2778.426
20210928,64,Low OA,8,unfed,B,2770.188
20210928,64,Low OA,8,unfed,B,2265.755
20210928,64,Low OA,8,unfed,B,2135.007
20210928,64,Low OA,8,unfed,B,2066.928
20210928,64,Low OA,8,unfed,B,3842.332
20210928,64,Low OA,8,unfed,B,2546.968
20210928,64,Low OA,8,unfed,B,2430.255
20210928,64,Low OA,8,unfed,B,1947.065
20210928,64,Low OA,8,unfed,B,2260.345
20210928,64,Low OA,8,unfed,B,2129.696
20210928,64,Low OA,8,unfed,B,2625.546
20210928,64,Low OA,8,unfed,B,1785.761
20210928,64,Low OA,8,unfed,B,2322.719
20210928,64,Low OA,8,unfed,B,2529.08
20210928,64,Low OA,8,unfed,B,2080.653
20210928,64,Low OA,8,unfed,B,1950.73
20210928,64,Low OA,8,unfed,B,2078.691
20210928,64,Low OA,8,unfed,B,1963.189
20210928,64,Low OA,8,unfed,B,2316.737
20210928,64,Low OA,8,unfed,B,1898.732
20210928,64,Low OA,8,unfed,B,2290.52
20210928,64,Low OA,8,unfed,B,4788.103
20210928,64,Low OA,8,unfed,B,2691.284
20210928,64,Low OA,8,unfed,B,2683.198
20210928,64,Low OA,8,unfed,B,2007.23
20210928,64,Low OA,8,unfed,B,4534.076
20210928,64,Low OA,8,unfed,B,2319.202
20210928,64,Low OA,8,unfed,B,4771.989
20210928,64,Low OA,8,unfed,B,2735.799
20210928,64,Low OA,8,unfed,B,1587.546
20210928,64,Low OA,8,unfed,B,2082.662
20210928,64,Low OA,8,unfed,B,2193.692
20210928,64,Low OA,8,unfed,B,2321.137
20210928,64,Low OA,8,unfed,B,1915.422
20210928,64,Low OA,8,unfed,B,1962.409
20210928,64,Low OA,8,unfed,B,2709.984
20210928,64,Low OA,8,unfed,B,2311.447
20210928,64,Low OA,8,unfed,B,2610.934
20210928,64,Low OA,8,unfed,B,2099.591
20210928,64,Low OA,8,unfed,B,2914.548
20210928,64,Low OA,8,unfed,B,1937.874
20210928,64,Low OA,8,unfed,B,1636.155
20210928,64,Low OA,8,unfed,B,2471.837
20210928,64,Low OA,8,unfed,B,2134.146
20210928,64,Low OA,8,unfed,B,3819.643
20210928,64,Low OA,8,unfed,B,2547.768
20210928,64,Low OA,8,unfed,B,1690.921
20210928,64,Low OA,8,unfed,B,1659.988
20210928,64,Low OA,8,unfed,B,3402.083
20210928,64,Low OA,8,unfed,B,1632.285
20210928,64,Low OA,8,unfed,B,3462.864
20210928,64,Low OA,8,unfed,B,2365.544
20210928,64,Low OA,8,unfed,B,2365.544
20210928,64,Low OA,8,unfed,B,2404.257
20210928,64,Low OA,8,unfed,B,3042.916
20210928,64,Low OA,8,unfed,B,2375.571
20210928,64,Low OA,8,unfed,B,2689.426
20210928,64,Low OA,8,unfed,B,1805.137
20210928,64,Low OA,8,unfed,B,2436.921
20210928,64,Low OA,8,unfed,B,2329.035
20210928,64,Low OA,8,unfed,B,2779.894
20210928,64,Low OA,8,unfed,B,1759.459
20210928,64,Low OA,8,unfed,B,1561.172
20210928,64,Low OA,8,unfed,C,2263.277
20210928,64,Low OA,8,unfed,C,2049.081
20210928,64,Low OA,8,unfed,C,1906.293
20210928,64,Low OA,8,unfed,C,1805.137
20210928,64,Low OA,8,unfed,C,1788.501
20210928,64,Low OA,8,unfed,C,1780.038
20210928,64,Low OA,8,unfed,C,2303.134
20210928,64,Low OA,8,unfed,C,2053.16
20210928,64,Low OA,8,unfed,C,2200.935
20210928,64,Low OA,8,unfed,C,2437.758
20210928,64,Low OA,8,unfed,C,2707.724
20210928,64,Low OA,8,unfed,C,2085.697
20210928,64,Low OA,8,unfed,C,1829.556
20210928,64,Low OA,8,unfed,C,2140.399
20210928,64,Low OA,8,unfed,C,2148.582
20210928,64,Low OA,8,unfed,C,2202.742
20210928,64,Low OA,8,unfed,C,1839.954
20210928,64,Low OA,8,unfed,C,1619.422
20210928,64,Low OA,8,unfed,C,1811.399
20210928,64,Low OA,8,unfed,C,1573.604
20210928,64,Low OA,8,unfed,C,1620.429
20210928,64,Low OA,8,unfed,C,2504.271
20210928,64,Low OA,8,unfed,C,1748.057
20210928,64,Low OA,8,unfed,C,2249.714
20210928,64,Low OA,8,unfed,C,2244.038
20210928,64,Low OA,8,unfed,C,2263.998
20210928,64,Low OA,8,unfed,C,2376.258
20210928,64,Low OA,8,unfed,C,2199.08
20210928,64,Low OA,8,unfed,C,2074.17
20210928,64,Low OA,8,unfed,C,1344.618
20210928,64,Low OA,8,unfed,C,1528.482
20210928,64,Low OA,8,unfed,C,1529.483
20210928,64,Low OA,8,unfed,C,1806.662
20210928,64,Low OA,8,unfed,C,1969.415
20210928,64,Low OA,8,unfed,C,2106.819
20210928,64,Low OA,8,unfed,C,1437.042
20210928,64,Low OA,8,unfed,C,1746.948
20210928,64,Low OA,8,unfed,C,1561.172
20210928,64,Low OA,8,unfed,C,1857.667
20210928,64,Low OA,8,unfed,C,1893.728
20210928,64,Low OA,8,unfed,C,2500.398
20210928,64,Low OA,8,unfed,C,1674.125
20210928,64,Low OA,8,unfed,C,1810.554
20210928,64,Low OA,8,unfed,C,2335.858
20210928,64,Low OA,8,unfed,C,2171.066
20210928,64,Low OA,8,unfed,C,2033.187
20210928,64,Low OA,8,unfed,C,2071.414
20210928,64,Low OA,8,unfed,C,3509.686
20210928,64,Low OA,8,unfed,C,2114.167
20210928,64,Low OA,8,unfed,C,2483.695
20210928,64,Low OA,8,unfed,C,1474.811
20210928,64,Low OA,8,unfed,C,1793.229
20210928,64,Low OA,8,unfed,C,1412.698
20210928,64,Low OA,8,unfed,C,1707.253
20210928,64,Low OA,8,unfed,C,2050.674
20210928,64,Low OA,8,unfed,C,2146.492
20210928,64,Low OA,8,unfed,C,1942.501
20210928,64,Low OA,8,unfed,C,1714.349
20210928,64,Low OA,8,unfed,C,2015.346
20210928,64,Low OA,8,unfed,C,2003.975
20210928,64,Low OA,8,unfed,C,3283.919
20210928,64,Low OA,8,unfed,C,1800.1
20210928,64,Low OA,8,unfed,C,2647.255
20210928,64,Low OA,8,unfed,C,2740.382
20210928,64,Low OA,8,unfed,C,2209.678
20210928,64,Low OA,8,unfed,C,1810.892
20210928,64,Low OA,8,unfed,C,1465.442
20210928,64,Low OA,8,unfed,C,1626.211
20210928,64,Low OA,8,unfed,C,2109.045
20210928,64,Low OA,8,unfed,C,1693.151
20210928,64,Low OA,8,unfed,C,2021.361
20210928,64,Low OA,8,unfed,C,1889.036
20210928,64,Low OA,8,unfed,C,2626.129
20210928,64,Low OA,8,unfed,C,2223.394
20210928,64,Low OA,8,unfed,C,1705.04
20210928,64,Low OA,8,unfed,C,1603.531
20210928,64,Low OA,8,unfed,C,2272.634
20210928,64,Low OA,8,unfed,C,2003.313
20210928,64,Low OA,8,unfed,C,2605.262
20210928,64,Low OA,8,unfed,C,1630.659
20210928,64,Low OA,8,unfed,C,1898.732
20210928,64,Low OA,8,unfed,C,1717.559
20210928,64,Low OA,8,unfed,C,2345.491
20210928,64,Low OA,8,unfed,C,2191.272
20210928,64,Low OA,8,unfed,C,1514.199
20210928,64,Low OA,8,unfed,C,1957.777
20210928,64,Low OA,8,unfed,C,1816.124
20210928,64,Low OA,8,unfed,C,1796.015
20210928,64,Low OA,8,unfed,C,1715.598
20210928,64,Low OA,8,unfed,C,2000.816
20210928,64,Low OA,8,unfed,C,1637.402
20210928,64,Low OA,8,unfed,C,3139.158
20210928,64,Low OA,8,unfed,C,2629.7
20210928,64,Low OA,8,unfed,C,1287.566
20210928,64,Low OA,8,unfed,C,2428.324
20210928,64,Low OA,8,unfed,C,2299.233
20210928,64,Low OA,8,unfed,C,1720.408
20210928,64,Low OA,8,unfed,C,1856.953
20210928,64,Low OA,8,unfed,C,2016.561
20210928,64,Low OA,8,unfed,C,1852.002
20210928,64,Low OA,8,unfed,C,1911.851
20210928,64,Low OA,8,unfed,C,1473.565
20210928,64,Low OA,8,unfed,C,2040.85
20210928,64,Low OA,8,unfed,C,1216.261
20210928,64,Low OA,8,unfed,C,2680.307
20210928,64,Low OA,8,unfed,C,2295.547
20210928,64,Low OA,8,unfed,D,2563.736
20210928,64,Low OA,8,unfed,D,2756.306
20210928,64,Low OA,8,unfed,D,2106.819
20210928,64,Low OA,8,unfed,D,2994.009
20210928,64,Low OA,8,unfed,D,2507.935
20210928,64,Low OA,8,unfed,D,2214.474
20210928,64,Low OA,8,unfed,D,3063.365
20210928,64,Low OA,8,unfed,D,2963.424
20210928,64,Low OA,8,unfed,D,2456.311
20210928,64,Low OA,8,unfed,D,3367.815
20210928,64,Low OA,8,unfed,D,1839.954
20210928,64,Low OA,8,unfed,D,1974.382
20210928,64,Low OA,8,unfed,D,2373.81
20210928,64,Low OA,8,unfed,D,1856.953
20210928,64,Low OA,8,unfed,D,2229.534
20210928,64,Low OA,8,unfed,D,2310.034
20210928,64,Low OA,8,unfed,D,2252.116
20210928,64,Low OA,8,unfed,D,2127.587
20210928,64,Low OA,8,unfed,D,2025.042
20210928,64,Low OA,8,unfed,D,2293.368
20210928,64,Low OA,8,unfed,D,2941.204
20210928,64,Low OA,8,unfed,D,2230.769
20210928,64,Low OA,8,unfed,D,3241.488
20210928,64,Low OA,8,unfed,D,2050.624
20210928,64,Low OA,8,unfed,D,2011.242
20210928,64,Low OA,8,unfed,D,2896.923
20210928,64,Low OA,8,unfed,D,2017.319
20210928,64,Low OA,8,unfed,D,2082.27
20210928,64,Low OA,8,unfed,D,1294.204
20210928,64,Low OA,8,unfed,D,2264.314
20210928,64,Low OA,8,unfed,D,1635.282
20210928,64,Low OA,8,unfed,D,1350.07
20210928,64,Low OA,8,unfed,D,2965.764
20210928,64,Low OA,8,unfed,D,2590.299
20210928,64,Low OA,8,unfed,D,2069
20210928,64,Low OA,8,unfed,D,2424.455
20210928,64,Low OA,8,unfed,D,1806.662
20210928,64,Low OA,8,unfed,D,2128.929
20210928,64,Low OA,8,unfed,D,2343.707
20210928,64,Low OA,8,unfed,D,1641.758
20210928,64,Low OA,8,unfed,D,3239.252
20210928,64,Low OA,8,unfed,D,2145.731
20210928,64,Low OA,8,unfed,D,2444.654
20210928,64,Low OA,8,unfed,D,2205.519
20210928,64,Low OA,8,unfed,D,1349.768
20210928,64,Low OA,8,unfed,D,2032.434
20210928,64,Low OA,8,unfed,D,2505.656
20210928,64,Low OA,8,unfed,D,2621.229
20210928,64,Low OA,8,unfed,D,2080.457
20210928,64,Low OA,8,unfed,D,2276.401
20210928,64,Low OA,8,unfed,D,2157.348
20210928,64,Low OA,8,unfed,D,1672.478
20210928,64,Low OA,8,unfed,D,4055.647
20210928,64,Low OA,8,unfed,D,2076.137
20210928,64,Low OA,8,unfed,D,2579.762
20210928,64,Low OA,8,unfed,D,2373.81
20210928,64,Low OA,8,unfed,D,2274.204
20210928,64,Low OA,8,unfed,D,2567.235
20210928,64,Low OA,8,unfed,D,2656.18
20210928,64,Low OA,8,unfed,D,2030.828
20210928,64,Low OA,8,unfed,D,4394.005
20210928,64,Low OA,8,unfed,D,1931.758
20210928,64,Low OA,8,unfed,D,2032.284
20210928,64,Low OA,8,unfed,D,2746.518
20210928,64,Low OA,8,unfed,D,2148.582
20210928,64,Low OA,8,unfed,D,4033.855
20210928,64,Low OA,8,unfed,D,3188.078
20210928,64,Low OA,8,unfed,D,1582.203
20210928,64,Low OA,8,unfed,D,2565.645
20210928,64,Low OA,8,unfed,D,1341.884
20210928,64,Low OA,8,unfed,D,1866.488
20210928,64,Low OA,8,unfed,D,2296.88
20210928,64,Low OA,8,unfed,D,2085.697
20210928,64,Low OA,8,unfed,D,1694.055
20210928,64,Low OA,8,unfed,D,1836.458
20210928,64,Low OA,8,unfed,D,4445.365
20210928,64,Low OA,8,unfed,D,2410.614
20210928,64,Low OA,8,unfed,D,3053.826
20210928,64,Low OA,8,unfed,D,2729.003
20210928,64,Low OA,8,unfed,D,2246.31
20210928,64,Low OA,8,unfed,D,2222.109
20210928,64,Low OA,8,unfed,D,1846.706
20210928,64,Low OA,8,unfed,D,2511.512
20210928,64,Low OA,8,unfed,D,2557.839
20210928,64,Low OA,8,unfed,D,2436.628
20210928,64,Low OA,8,unfed,D,2477.485
20210928,64,Low OA,8,unfed,D,3949.41
20210928,64,Low OA,8,unfed,D,1256.771
20210928,64,Moderate OA,7.5,unfed,A,1933.394
20210928,64,Moderate OA,7.5,unfed,A,1565.414
20210928,64,Moderate OA,7.5,unfed,A,3082.488
20210928,64,Moderate OA,7.5,unfed,A,2030.426
20210928,64,Moderate OA,7.5,unfed,A,2333.63
20210928,64,Moderate OA,7.5,unfed,A,2150.148
20210928,64,Moderate OA,7.5,unfed,A,2451.28
20210928,64,Moderate OA,7.5,unfed,A,2119.901
20210928,64,Moderate OA,7.5,unfed,A,1872.764
20210928,64,Moderate OA,7.5,unfed,A,1459.862
20210928,64,Moderate OA,7.5,unfed,A,1958.819
20210928,64,Moderate OA,7.5,unfed,A,3101.132
20210928,64,Moderate OA,7.5,unfed,A,2366.923
20210928,64,Moderate OA,7.5,unfed,A,2280.118
20210928,64,Moderate OA,7.5,unfed,A,1801.629
20210928,64,Moderate OA,7.5,unfed,A,1888.82
20210928,64,Moderate OA,7.5,unfed,A,2085.697
20210928,64,Moderate OA,7.5,unfed,A,2386.796
20210928,64,Moderate OA,7.5,unfed,A,1599.454
20210928,64,Moderate OA,7.5,unfed,A,1868.619
20210928,64,Moderate OA,7.5,unfed,A,2316.385
20210928,64,Moderate OA,7.5,unfed,A,2655.066
20210928,64,Moderate OA,7.5,unfed,A,1780.955
20210928,64,Moderate OA,7.5,unfed,A,1689.955
20210928,64,Moderate OA,7.5,unfed,A,1444.477
20210928,64,Moderate OA,7.5,unfed,A,2672.798
20210928,64,Moderate OA,7.5,unfed,A,2607.884
20210928,64,Moderate OA,7.5,unfed,A,2232.781
20210928,64,Moderate OA,7.5,unfed,A,2222.568
20210928,64,Moderate OA,7.5,unfed,A,2773.501
20210928,64,Moderate OA,7.5,unfed,A,2144.019
20210928,64,Moderate OA,7.5,unfed,A,2381.362
20210928,64,Moderate OA,7.5,unfed,A,3292.359
20210928,64,Moderate OA,7.5,unfed,A,3585.605
20210928,64,Moderate OA,7.5,unfed,A,2166.174
20210928,64,Moderate OA,7.5,unfed,A,2140.256
20210928,64,Moderate OA,7.5,unfed,A,1963.813
20210928,64,Moderate OA,7.5,unfed,A,1842.614
20210928,64,Moderate OA,7.5,unfed,A,2001.071
20210928,64,Moderate OA,7.5,unfed,A,1763.166
20210928,64,Moderate OA,7.5,unfed,A,3371.629
20210928,64,Moderate OA,7.5,unfed,A,2218.663
20210928,64,Moderate OA,7.5,unfed,A,2274.249
20210928,64,Moderate OA,7.5,unfed,A,1617.215
20210928,64,Moderate OA,7.5,unfed,A,1529.483
20210928,64,Moderate OA,7.5,unfed,A,2735.575
20210928,64,Moderate OA,7.5,unfed,A,1656.235
20210928,64,Moderate OA,7.5,unfed,A,1966.045
20210928,64,Moderate OA,7.5,unfed,A,3252.077
20210928,64,Moderate OA,7.5,unfed,A,2555.924
20210928,64,Moderate OA,7.5,unfed,A,2669.284
20210928,64,Moderate OA,7.5,unfed,A,2177.401
20210928,64,Moderate OA,7.5,unfed,A,2516.017
20210928,64,Moderate OA,7.5,unfed,A,2215.718
20210928,64,Moderate OA,7.5,unfed,A,1408.358
20210928,64,Moderate OA,7.5,unfed,A,1874.506
20210928,64,Moderate OA,7.5,unfed,A,2877.347
20210928,64,Moderate OA,7.5,unfed,A,2059.808
20210928,64,Moderate OA,7.5,unfed,A,1220.447
20210928,64,Moderate OA,7.5,unfed,A,2354.13
20210928,64,Moderate OA,7.5,unfed,A,2609.019
20210928,64,Moderate OA,7.5,unfed,A,1833.956
20210928,64,Moderate OA,7.5,unfed,A,1774.585
20210928,64,Moderate OA,7.5,unfed,A,2959.462
20210928,64,Moderate OA,7.5,unfed,A,1795.333
20210928,64,Moderate OA,7.5,unfed,A,2418.768
20210928,64,Moderate OA,7.5,unfed,A,1490.636
20210928,64,Moderate OA,7.5,unfed,A,1784.846
20210928,64,Moderate OA,7.5,unfed,A,2568.03
20210928,64,Moderate OA,7.5,unfed,A,2967.346
20210928,64,Moderate OA,7.5,unfed,A,2245.538
20210928,64,Moderate OA,7.5,unfed,A,1824.643
20210928,64,Moderate OA,7.5,unfed,A,2060.897
20210928,64,Moderate OA,7.5,unfed,A,2800.589
20210928,64,Moderate OA,7.5,unfed,A,1629.971
20210928,64,Moderate OA,7.5,unfed,A,2429.374
20210928,64,Moderate OA,7.5,unfed,A,1871.456
20210928,64,Moderate OA,7.5,unfed,A,2556.922
20210928,64,Moderate OA,7.5,unfed,A,1868.4
20210928,64,Moderate OA,7.5,unfed,A,1811.906
20210928,64,Moderate OA,7.5,unfed,A,2468.326
20210928,64,Moderate OA,7.5,unfed,A,2335.29
20210928,64,Moderate OA,7.5,unfed,A,1917.818
20210928,64,Moderate OA,7.5,unfed,A,2377.374
20210928,64,Moderate OA,7.5,unfed,A,1862.932
20210928,64,Moderate OA,7.5,unfed,A,2787.59
20210928,64,Moderate OA,7.5,unfed,A,2050.774
20210928,64,Moderate OA,7.5,unfed,B,4013.876
20210928,64,Moderate OA,7.5,unfed,B,1843.555
20210928,64,Moderate OA,7.5,unfed,B,2715.399
20210928,64,Moderate OA,7.5,unfed,B,2288.916
20210928,64,Moderate OA,7.5,unfed,B,2329.911
20210928,64,Moderate OA,7.5,unfed,B,3196.643
20210928,64,Moderate OA,7.5,unfed,B,1943.079
20210928,64,Moderate OA,7.5,unfed,B,2587.699
20210928,64,Moderate OA,7.5,unfed,B,3177.469
20210928,64,Moderate OA,7.5,unfed,B,3648.642
20210928,64,Moderate OA,7.5,unfed,B,2861.169
20210928,64,Moderate OA,7.5,unfed,B,2186.238
20210928,64,Moderate OA,7.5,unfed,B,3176.762
20210928,64,Moderate OA,7.5,unfed,B,2276.401
20210928,64,Moderate OA,7.5,unfed,B,1910.73
20210928,64,Moderate OA,7.5,unfed,B,1807.96
20210928,64,Moderate OA,7.5,unfed,B,2026.805
20210928,64,Moderate OA,7.5,unfed,B,2651.067
20210928,64,Moderate OA,7.5,unfed,B,1889.468
20210928,64,Moderate OA,7.5,unfed,B,2914.303
20210928,64,Moderate OA,7.5,unfed,B,2243.902
20210928,64,Moderate OA,7.5,unfed,B,2060.748
20210928,64,Moderate OA,7.5,unfed,B,1928.798
20210928,64,Moderate OA,7.5,unfed,B,2688.63
20210928,64,Moderate OA,7.5,unfed,B,1927.475
20210928,64,Moderate OA,7.5,unfed,B,2237.573
20210928,64,Moderate OA,7.5,unfed,B,2093.752
20210928,64,Moderate OA,7.5,unfed,B,2022.169
20210928,64,Moderate OA,7.5,unfed,B,2576.121
20210928,64,Moderate OA,7.5,unfed,B,1673.454
20210928,64,Moderate OA,7.5,unfed,B,1635.407
20210928,64,Moderate OA,7.5,unfed,B,2373.165
20210928,64,Moderate OA,7.5,unfed,B,2256.234
20210928,64,Moderate OA,7.5,unfed,B,2656.104
20210928,64,Moderate OA,7.5,unfed,B,2559.434
20210928,64,Moderate OA,7.5,unfed,B,2398.947
20210928,64,Moderate OA,7.5,unfed,B,1841.063
20210928,64,Moderate OA,7.5,unfed,B,2189.269
20210928,64,Moderate OA,7.5,unfed,B,3036.875
20210928,64,Moderate OA,7.5,unfed,B,3341.448
20210928,64,Moderate OA,7.5,unfed,B,2173.931
20210928,64,Moderate OA,7.5,unfed,B,2381.362
20210928,64,Moderate OA,7.5,unfed,B,2320.214
20210928,64,Moderate OA,7.5,unfed,B,2910.976
20210928,64,Moderate OA,7.5,unfed,B,2714.836
20210928,64,Moderate OA,7.5,unfed,B,3316.194
20210928,64,Moderate OA,7.5,unfed,B,1472.387
20210928,64,Moderate OA,7.5,unfed,B,2026.553
20210928,64,Moderate OA,7.5,unfed,B,2002.09
20210928,64,Moderate OA,7.5,unfed,B,2146.682
20210928,64,Moderate OA,7.5,unfed,B,2264.359
20210928,64,Moderate OA,7.5,unfed,B,1648.703
20210928,64,Moderate OA,7.5,unfed,B,2241.536
20210928,64,Moderate OA,7.5,unfed,B,2202.742
20210928,64,Moderate OA,7.5,unfed,B,2048.384
20210928,64,Moderate OA,7.5,unfed,B,2650.297
20210928,64,Moderate OA,7.5,unfed,C,2348.273
20210928,64,Moderate OA,7.5,unfed,C,2074.957
20210928,64,Moderate OA,7.5,unfed,C,1973.969
20210928,64,Moderate OA,7.5,unfed,C,1764.785
20210928,64,Moderate OA,7.5,unfed,C,3080.8
20210928,64,Moderate OA,7.5,unfed,C,2775.156
20210928,64,Moderate OA,7.5,unfed,C,2031.43
20210928,64,Moderate OA,7.5,unfed,C,2200.193
20210928,64,Moderate OA,7.5,unfed,C,1888.387
20210928,64,Moderate OA,7.5,unfed,C,1620.429
20210928,64,Moderate OA,7.5,unfed,C,2448.282
20210928,64,Moderate OA,7.5,unfed,C,1966.097
20210928,64,Moderate OA,7.5,unfed,C,2124.324
20210928,64,Moderate OA,7.5,unfed,C,2951.834
20210928,64,Moderate OA,7.5,unfed,C,1900.021
20210928,64,Moderate OA,7.5,unfed,C,1502.837
20210928,64,Moderate OA,7.5,unfed,C,1946.017
20210928,64,Moderate OA,7.5,unfed,C,2197.548
20210928,64,Moderate OA,7.5,unfed,C,2714.159
20210928,64,Moderate OA,7.5,unfed,C,3122.899
20210928,64,Moderate OA,7.5,unfed,C,5215.006
20210928,64,Moderate OA,7.5,unfed,C,1677.169
20210928,64,Moderate OA,7.5,unfed,C,2032.685
20210928,64,Moderate OA,7.5,unfed,C,2107.981
20210928,64,Moderate OA,7.5,unfed,C,2667.219
20210928,64,Moderate OA,7.5,unfed,C,2490.955
20210928,64,Moderate OA,7.5,unfed,C,3875.485
20210928,64,Moderate OA,7.5,unfed,C,2212.031
20210928,64,Moderate OA,7.5,unfed,C,2308.267
20210928,64,Moderate OA,7.5,unfed,C,2408.327
20210928,64,Moderate OA,7.5,unfed,C,3133.759
20210928,64,Moderate OA,7.5,unfed,C,2489.316
20210928,64,Moderate OA,7.5,unfed,C,2692.308
20210928,64,Moderate OA,7.5,unfed,C,1729.339
20210928,64,Moderate OA,7.5,unfed,C,2104.057
20210928,64,Moderate OA,7.5,unfed,C,1494.464
20210928,64,Moderate OA,7.5,unfed,C,2248.489
20210928,64,Moderate OA,7.5,unfed,C,2293.769
20210928,64,Moderate OA,7.5,unfed,C,2613.863
20210928,64,Moderate OA,7.5,unfed,C,1876.682
20210928,64,Moderate OA,7.5,unfed,C,2471.837
20210928,64,Moderate OA,7.5,unfed,C,1722.719
20210928,64,Moderate OA,7.5,unfed,C,2963.424
20210928,64,Moderate OA,7.5,unfed,C,2808.591
20210928,64,Moderate OA,7.5,unfed,C,2385.471
20210928,64,Moderate OA,7.5,unfed,C,2397.884
20210928,64,Moderate OA,7.5,unfed,C,2398.139
20210928,64,Moderate OA,7.5,unfed,C,2672.721
20210928,64,Moderate OA,7.5,unfed,C,2362.955
20210928,64,Moderate OA,7.5,unfed,C,2674.82
20210928,64,Moderate OA,7.5,unfed,C,2633.461
20210928,64,Moderate OA,7.5,unfed,C,1661.217
20210928,64,Moderate OA,7.5,unfed,C,2914.864
20210928,64,Moderate OA,7.5,unfed,C,2500.765
20210928,64,Moderate OA,7.5,unfed,C,2053.408
20210928,64,Moderate OA,7.5,unfed,C,2444.445
20210928,64,Moderate OA,7.5,unfed,C,2975.106
20210928,64,Moderate OA,7.5,unfed,D,2190.9
20210928,64,Moderate OA,7.5,unfed,D,2409.471
20210928,64,Moderate OA,7.5,unfed,D,1888.387
20210928,64,Moderate OA,7.5,unfed,D,1965.682
20210928,64,Moderate OA,7.5,unfed,D,3656.435
20210928,64,Moderate OA,7.5,unfed,D,1753.883
20210928,64,Moderate OA,7.5,unfed,D,2708.628
20210928,64,Moderate OA,7.5,unfed,D,3023.745
20210928,64,Moderate OA,7.5,unfed,D,1902.597
20210928,64,Moderate OA,7.5,unfed,D,2048.683
20210928,64,Moderate OA,7.5,unfed,D,2824.457
20210928,64,Moderate OA,7.5,unfed,D,3388.02
20210928,64,Moderate OA,7.5,unfed,D,1602.131
20210928,64,Moderate OA,7.5,unfed,D,2664.464
20210928,64,Moderate OA,7.5,unfed,D,2734.12
20210928,64,Moderate OA,7.5,unfed,D,1529.416
20210928,64,Moderate OA,7.5,unfed,D,1878.421
20210928,64,Moderate OA,7.5,unfed,D,1543.361
20210928,64,Moderate OA,7.5,unfed,D,2182.876
20210928,64,Moderate OA,7.5,unfed,D,2131.994
20210928,64,Moderate OA,7.5,unfed,D,2155.219
20210928,64,Moderate OA,7.5,unfed,D,1664.407
20210928,64,Moderate OA,7.5,unfed,D,2783.708
20210928,64,Moderate OA,7.5,unfed,D,1411.18
20210928,64,Moderate OA,7.5,unfed,D,2763.958
20210928,64,Moderate OA,7.5,unfed,D,2331.618
20210928,64,Moderate OA,7.5,unfed,D,1668.57
20210928,64,Moderate OA,7.5,unfed,D,2267.78
20210928,64,Moderate OA,7.5,unfed,D,2385.086
20210928,64,Moderate OA,7.5,unfed,D,3051.119
20210928,64,Moderate OA,7.5,unfed,D,2258.991
20210928,64,Moderate OA,7.5,unfed,D,1644.428
20210928,64,Moderate OA,7.5,unfed,D,2544.042
20210928,64,Moderate OA,7.5,unfed,D,3039.158
20210928,64,Moderate OA,7.5,unfed,D,1969.881
20210928,64,Moderate OA,7.5,unfed,D,2159.334
20210928,64,Moderate OA,7.5,unfed,D,1750.914
20210928,64,Moderate OA,7.5,unfed,D,2263.412
20210928,64,Moderate OA,7.5,unfed,D,2690.033
20210928,64,Moderate OA,7.5,unfed,D,1573.345
20210928,64,Moderate OA,7.5,unfed,D,1842.891
20210928,64,Moderate OA,7.5,unfed,D,4212.718
20210928,64,Moderate OA,7.5,unfed,D,2149.009
20210928,64,Moderate OA,7.5,unfed,D,2628.07
20210928,64,Moderate OA,7.5,unfed,D,1930.49
20210928,64,Moderate OA,7.5,unfed,D,1442.993
20210928,64,Moderate OA,7.5,unfed,D,1640.639
20210928,64,Moderate OA,7.5,unfed,D,2005.959
20210928,64,Moderate OA,7.5,unfed,D,3125.871
20210928,64,Moderate OA,7.5,unfed,D,2295.903
20210928,64,Moderate OA,7.5,unfed,D,2765.175
20210928,64,Moderate OA,7.5,unfed,D,2757.454
20210928,64,Moderate OA,7.5,unfed,D,3835.13
20210928,64,Moderate OA,7.5,unfed,D,2886.48
20210928,64,Moderate OA,7.5,unfed,D,1150.304
20210928,64,Moderate OA,7.5,unfed,D,1628.28
20210928,64,Moderate OA,7.5,unfed,D,1933.5
20210928,64,Moderate OA,7.5,unfed,D,2327.808
20210928,64,Moderate OA,7.5,unfed,D,1355.876
20210928,64,Moderate OA,7.5,unfed,D,1979.8
20210928,64,Moderate OA,7.5,unfed,D,2014.283
20210928,64,Moderate OA,7.5,unfed,D,1922.865
20210928,64,Moderate OA,7.5,unfed,D,2610.113
20210928,64,Moderate OA,7.5,unfed,D,3542.15
20210928,64,Moderate OA,7.5,unfed,D,2463.568
20210928,64,Moderate OA,7.5,unfed,D,2523.184
20210928,64,Moderate OA,7.5,unfed,D,2222.201
20210928,64,Moderate OA,7.5,unfed,D,2205.241
20210928,64,Moderate OA,7.5,unfed,D,1852.828
20210928,64,Moderate OA,7.5,unfed,D,2778.205
20210928,64,Moderate OA,7.5,unfed,D,2151.239
20210928,64,Moderate OA,7.5,unfed,D,1517.16
20210928,64,Moderate OA,7.5,unfed,D,2216.823
20210928,64,Moderate OA,7.5,unfed,D,2596.318
20210928,64,Moderate OA,7.5,unfed,D,2048.235
20210928,64,Moderate OA,7.5,unfed,D,2513.055
20210928,64,Moderate OA,7.5,unfed,D,1864.027
20210928,64,Moderate OA,7.5,unfed,D,2487.348
20210928,64,Moderate OA,7.5,unfed,D,2241.536
20210928,64,Moderate OA,7.5,unfed,D,1659.988
20210928,64,Moderate OA,7.5,unfed,D,1606.201
20210928,64,Moderate OA,7.5,unfed,D,2346.665
20210928,64,Moderate OA,7.5,unfed,D,1657.774
20210928,64,Moderate OA,7.5,unfed,D,2101
20210928,64,Moderate OA,7.5,unfed,D,1953.813
20211026,92,Low OA,8,fed,A,12600
20211026,92,Low OA,8,fed,A,12570
20211026,92,Low OA,8,fed,A,18350
20211026,92,Low OA,8,fed,A,16400
20211026,92,Low OA,8,fed,A,18800
20211026,92,Low OA,8,fed,A,16580
20211026,92,Low OA,8,fed,A,15160
20211026,92,Low OA,8,fed,A,12580
20211026,92,Low OA,8,fed,A,13150
20211026,92,Low OA,8,fed,A,9000
20211026,92,Low OA,8,fed,A,9390
20211026,92,Low OA,8,fed,A,9190
20211026,92,Low OA,8,fed,A,16280
20211026,92,Low OA,8,fed,A,10320
20211026,92,Low OA,8,fed,A,12080
20211026,92,Low OA,8,fed,A,14020
20211026,92,Low OA,8,fed,A,11650
20211026,92,Low OA,8,fed,A,8120
20211026,92,Low OA,8,fed,A,7560
20211026,92,Low OA,8,fed,A,6880
20211026,92,Low OA,8,fed,A,10860
20211026,92,Low OA,8,fed,A,10100
20211026,92,Low OA,8,fed,A,7770
20211026,92,Low OA,8,fed,A,3010
20211026,92,Low OA,8,fed,A,6300
20211026,92,Low OA,8,fed,A,6870
20211026,92,Low OA,8,fed,A,4860
20211026,92,Low OA,8,fed,A,8580
20211026,92,Low OA,8,fed,A,10990
20211026,92,Low OA,8,fed,A,6880
20211026,92,Low OA,8,fed,A,9470
20211026,92,Low OA,8,fed,A,10980
20211026,92,Low OA,8,fed,A,7040
20211026,92,Low OA,8,fed,A,9300
20211026,92,Low OA,8,fed,A,8130
20211026,92,Low OA,8,fed,A,8440
20211026,92,Low OA,8,fed,A,4400
20211026,92,Low OA,8,fed,A,2910
20211026,92,Low OA,8,fed,A,10550
20211026,92,Low OA,8,fed,A,7250
20211026,92,Low OA,8,fed,B,9050
20211026,92,Low OA,8,fed,B,11880
20211026,92,Low OA,8,fed,B,10940
20211026,92,Low OA,8,fed,B,6970
20211026,92,Low OA,8,fed,B,7220
20211026,92,Low OA,8,fed,B,7670
20211026,92,Low OA,8,fed,B,11370
20211026,92,Low OA,8,fed,B,13250
20211026,92,Low OA,8,fed,B,6030
20211026,92,Low OA,8,fed,B,7410
20211026,92,Low OA,8,fed,B,8710
20211026,92,Low OA,8,fed,B,8890
20211026,92,Low OA,8,fed,B,7420
20211026,92,Low OA,8,fed,B,12440
20211026,92,Low OA,8,fed,B,10710
20211026,92,Low OA,8,fed,B,13210
20211026,92,Low OA,8,fed,B,11130
20211026,92,Low OA,8,fed,B,7730
20211026,92,Low OA,8,fed,B,9980
20211026,92,Low OA,8,fed,B,7980
20211026,92,Low OA,8,fed,B,6180
20211026,92,Low OA,8,fed,B,6100
20211026,92,Low OA,8,fed,B,5070
20211026,92,Low OA,8,fed,B,9160
20211026,92,Low OA,8,fed,B,12430
20211026,92,Low OA,8,fed,B,3660
20211026,92,Low OA,8,fed,B,11200
20211026,92,Low OA,8,fed,B,10290
20211026,92,Low OA,8,fed,B,9990
20211026,92,Low OA,8,fed,B,9340
20211026,92,Low OA,8,fed,B,5290
20211026,92,Low OA,8,fed,B,7570
20211026,92,Low OA,8,fed,B,11460
20211026,92,Low OA,8,fed,B,4840
20211026,92,Low OA,8,fed,B,9150
20211026,92,Low OA,8,fed,B,10470
20211026,92,Low OA,8,fed,B,3720
20211026,92,Low OA,8,fed,B,6180
20211026,92,Low OA,8,fed,B,7420
20211026,92,Low OA,8,fed,B,8480
20211026,92,Low OA,8,fed,C,17350
20211026,92,Low OA,8,fed,C,3980
20211026,92,Low OA,8,fed,C,12450
20211026,92,Low OA,8,fed,C,10870
20211026,92,Low OA,8,fed,C,3340
20211026,92,Low OA,8,fed,C,9690
20211026,92,Low OA,8,fed,C,4310
20211026,92,Low OA,8,fed,C,15520
20211026,92,Low OA,8,fed,C,7240
20211026,92,Low OA,8,fed,C,9660
20211026,92,Low OA,8,fed,C,11820
20211026,92,Low OA,8,fed,C,5460
20211026,92,Low OA,8,fed,C,8090
20211026,92,Low OA,8,fed,C,8740
20211026,92,Low OA,8,fed,C,9320
20211026,92,Low OA,8,fed,C,4600
20211026,92,Low OA,8,fed,C,4970
20211026,92,Low OA,8,fed,C,13380
20211026,92,Low OA,8,fed,C,8160
20211026,92,Low OA,8,fed,C,13470
20211026,92,Low OA,8,fed,C,9650
20211026,92,Low OA,8,fed,C,4740
20211026,92,Low OA,8,fed,C,12590
20211026,92,Low OA,8,fed,C,6190
20211026,92,Low OA,8,fed,C,9950
20211026,92,Low OA,8,fed,C,11780
20211026,92,Low OA,8,fed,C,7840
20211026,92,Low OA,8,fed,C,9410
20211026,92,Low OA,8,fed,C,12960
20211026,92,Low OA,8,fed,C,4180
20211026,92,Low OA,8,fed,C,10000
20211026,92,Low OA,8,fed,C,8400
20211026,92,Low OA,8,fed,C,3710
20211026,92,Low OA,8,fed,C,12880
20211026,92,Low OA,8,fed,C,6080
20211026,92,Low OA,8,fed,C,6530
20211026,92,Low OA,8,fed,C,9260
20211026,92,Low OA,8,fed,C,8990
20211026,92,Low OA,8,fed,C,7960
20211026,92,Low OA,8,fed,C,9890
20211026,92,Low OA,8,fed,D,14370
20211026,92,Low OA,8,fed,D,9490
20211026,92,Low OA,8,fed,D,7820
20211026,92,Low OA,8,fed,D,13000
20211026,92,Low OA,8,fed,D,12780
20211026,92,Low OA,8,fed,D,11310
20211026,92,Low OA,8,fed,D,10070
20211026,92,Low OA,8,fed,D,11150
20211026,92,Low OA,8,fed,D,7980
20211026,92,Low OA,8,fed,D,8680
20211026,92,Low OA,8,fed,D,12630
20211026,92,Low OA,8,fed,D,9990
20211026,92,Low OA,8,fed,D,5850
20211026,92,Low OA,8,fed,D,4510
20211026,92,Low OA,8,fed,D,8610
20211026,92,Low OA,8,fed,D,11310
20211026,92,Low OA,8,fed,D,10180
20211026,92,Low OA,8,fed,D,5280
20211026,92,Low OA,8,fed,D,3210
20211026,92,Low OA,8,fed,D,7840
20211026,92,Low OA,8,fed,D,7110
20211026,92,Low OA,8,fed,D,1750
20211026,92,Low OA,8,fed,D,5810
20211026,92,Low OA,8,fed,D,6550
20211026,92,Low OA,8,fed,D,3680
20211026,92,Low OA,8,fed,D,6370
20211026,92,Low OA,8,fed,D,8080
20211026,92,Low OA,8,fed,D,6010
20211026,92,Low OA,8,fed,D,8690
20211026,92,Low OA,8,fed,D,4970
20211026,92,Low OA,8,fed,D,6520
20211026,92,Low OA,8,fed,D,7240
20211026,92,Low OA,8,fed,D,6120
20211026,92,Low OA,8,fed,D,7450
20211026,92,Low OA,8,fed,D,7720
20211026,92,Low OA,8,fed,D,3950
20211026,92,Low OA,8,fed,D,7120
20211026,92,Low OA,8,fed,D,6160
20211026,92,Low OA,8,fed,D,8110
20211026,92,Low OA,8,fed,D,6960
20211026,92,Moderate OA,7.5,fed,A,17730
20211026,92,Moderate OA,7.5,fed,A,13300
20211026,92,Moderate OA,7.5,fed,A,10620
20211026,92,Moderate OA,7.5,fed,A,7700
20211026,92,Moderate OA,7.5,fed,A,16340
20211026,92,Moderate OA,7.5,fed,A,11340
20211026,92,Moderate OA,7.5,fed,A,8290
20211026,92,Moderate OA,7.5,fed,A,8970
20211026,92,Moderate OA,7.5,fed,A,4960
20211026,92,Moderate OA,7.5,fed,A,6820
20211026,92,Moderate OA,7.5,fed,A,10830
20211026,92,Moderate OA,7.5,fed,A,5940
20211026,92,Moderate OA,7.5,fed,A,14680
20211026,92,Moderate OA,7.5,fed,A,12840
20211026,92,Moderate OA,7.5,fed,A,6930
20211026,92,Moderate OA,7.5,fed,A,8380
20211026,92,Moderate OA,7.5,fed,A,5290
20211026,92,Moderate OA,7.5,fed,A,5230
20211026,92,Moderate OA,7.5,fed,A,5760
20211026,92,Moderate OA,7.5,fed,A,8880
20211026,92,Moderate OA,7.5,fed,A,11350
20211026,92,Moderate OA,7.5,fed,A,5780
20211026,92,Moderate OA,7.5,fed,A,4420
20211026,92,Moderate OA,7.5,fed,A,13550
20211026,92,Moderate OA,7.5,fed,A,10220
20211026,92,Moderate OA,7.5,fed,A,9700
20211026,92,Moderate OA,7.5,fed,A,5290
20211026,92,Moderate OA,7.5,fed,A,3800
20211026,92,Moderate OA,7.5,fed,A,8760
20211026,92,Moderate OA,7.5,fed,A,13740
20211026,92,Moderate OA,7.5,fed,A,5120
20211026,92,Moderate OA,7.5,fed,A,4610
20211026,92,Moderate OA,7.5,fed,A,8240
20211026,92,Moderate OA,7.5,fed,A,9370
20211026,92,Moderate OA,7.5,fed,A,6840
20211026,92,Moderate OA,7.5,fed,A,3740
20211026,92,Moderate OA,7.5,fed,A,5140
20211026,92,Moderate OA,7.5,fed,A,6590
20211026,92,Moderate OA,7.5,fed,A,11360
20211026,92,Moderate OA,7.5,fed,A,8340
20211026,92,Moderate OA,7.5,fed,B,16710
20211026,92,Moderate OA,7.5,fed,B,18180
20211026,92,Moderate OA,7.5,fed,B,8150
20211026,92,Moderate OA,7.5,fed,B,14500
20211026,92,Moderate OA,7.5,fed,B,13310
20211026,92,Moderate OA,7.5,fed,B,8690
20211026,92,Moderate OA,7.5,fed,B,6090
20211026,92,Moderate OA,7.5,fed,B,10540
20211026,92,Moderate OA,7.5,fed,B,12220
20211026,92,Moderate OA,7.5,fed,B,12300
20211026,92,Moderate OA,7.5,fed,B,8010
20211026,92,Moderate OA,7.5,fed,B,5030
20211026,92,Moderate OA,7.5,fed,B,5190
20211026,92,Moderate OA,7.5,fed,B,13160
20211026,92,Moderate OA,7.5,fed,B,8270
20211026,92,Moderate OA,7.5,fed,B,12900
20211026,92,Moderate OA,7.5,fed,B,7710
20211026,92,Moderate OA,7.5,fed,B,3740
20211026,92,Moderate OA,7.5,fed,B,4970
20211026,92,Moderate OA,7.5,fed,B,15650
20211026,92,Moderate OA,7.5,fed,B,9060
20211026,92,Moderate OA,7.5,fed,B,7430
20211026,92,Moderate OA,7.5,fed,B,7540
20211026,92,Moderate OA,7.5,fed,B,12890
20211026,92,Moderate OA,7.5,fed,B,7470
20211026,92,Moderate OA,7.5,fed,B,7030
20211026,92,Moderate OA,7.5,fed,B,7120
20211026,92,Moderate OA,7.5,fed,B,5510
20211026,92,Moderate OA,7.5,fed,B,4050
20211026,92,Moderate OA,7.5,fed,B,9290
20211026,92,Moderate OA,7.5,fed,B,6240
20211026,92,Moderate OA,7.5,fed,B,6180
20211026,92,Moderate OA,7.5,fed,B,4270
20211026,92,Moderate OA,7.5,fed,B,5400
20211026,92,Moderate OA,7.5,fed,B,12200
20211026,92,Moderate OA,7.5,fed,B,8660
20211026,92,Moderate OA,7.5,fed,B,6740
20211026,92,Moderate OA,7.5,fed,B,4660
20211026,92,Moderate OA,7.5,fed,B,4320
20211026,92,Moderate OA,7.5,fed,B,6960
20211026,92,Moderate OA,7.5,fed,C,20360
20211026,92,Moderate OA,7.5,fed,C,19190
20211026,92,Moderate OA,7.5,fed,C,6760
20211026,92,Moderate OA,7.5,fed,C,8320
20211026,92,Moderate OA,7.5,fed,C,12250
20211026,92,Moderate OA,7.5,fed,C,17650
20211026,92,Moderate OA,7.5,fed,C,17360
20211026,92,Moderate OA,7.5,fed,C,11330
20211026,92,Moderate OA,7.5,fed,C,12330
20211026,92,Moderate OA,7.5,fed,C,5570
20211026,92,Moderate OA,7.5,fed,C,5430
20211026,92,Moderate OA,7.5,fed,C,13670
20211026,92,Moderate OA,7.5,fed,C,14210
20211026,92,Moderate OA,7.5,fed,C,16910
20211026,92,Moderate OA,7.5,fed,C,7460
20211026,92,Moderate OA,7.5,fed,C,7040
20211026,92,Moderate OA,7.5,fed,C,9010
20211026,92,Moderate OA,7.5,fed,C,9150
20211026,92,Moderate OA,7.5,fed,C,16310
20211026,92,Moderate OA,7.5,fed,C,5370
20211026,92,Moderate OA,7.5,fed,C,7580
20211026,92,Moderate OA,7.5,fed,C,7780
20211026,92,Moderate OA,7.5,fed,C,7540
20211026,92,Moderate OA,7.5,fed,C,6030
20211026,92,Moderate OA,7.5,fed,C,5150
20211026,92,Moderate OA,7.5,fed,C,10820
20211026,92,Moderate OA,7.5,fed,C,7580
20211026,92,Moderate OA,7.5,fed,C,16580
20211026,92,Moderate OA,7.5,fed,C,7910
20211026,92,Moderate OA,7.5,fed,C,8240
20211026,92,Moderate OA,7.5,fed,C,7590
20211026,92,Moderate OA,7.5,fed,C,4070
20211026,92,Moderate OA,7.5,fed,C,4970
20211026,92,Moderate OA,7.5,fed,C,3800
20211026,92,Moderate OA,7.5,fed,C,3030
20211026,92,Moderate OA,7.5,fed,C,3690
20211026,92,Moderate OA,7.5,fed,C,3550
20211026,92,Moderate OA,7.5,fed,C,8000
20211026,92,Moderate OA,7.5,fed,C,9760
20211026,92,Moderate OA,7.5,fed,C,5370
20211026,92,Moderate OA,7.5,fed,D,11030
20211026,92,Moderate OA,7.5,fed,D,8160
20211026,92,Moderate OA,7.5,fed,D,14400
20211026,92,Moderate OA,7.5,fed,D,7320
20211026,92,Moderate OA,7.5,fed,D,11510
20211026,92,Moderate OA,7.5,fed,D,6250
20211026,92,Moderate OA,7.5,fed,D,3420
20211026,92,Moderate OA,7.5,fed,D,4000
20211026,92,Moderate OA,7.5,fed,D,16260
20211026,92,Moderate OA,7.5,fed,D,12070
20211026,92,Moderate OA,7.5,fed,D,8610
20211026,92,Moderate OA,7.5,fed,D,9010
20211026,92,Moderate OA,7.5,fed,D,4420
20211026,92,Moderate OA,7.5,fed,D,6850
20211026,92,Moderate OA,7.5,fed,D,6260
20211026,92,Moderate OA,7.5,fed,D,11400
20211026,92,Moderate OA,7.5,fed,D,5980
20211026,92,Moderate OA,7.5,fed,D,7320
20211026,92,Moderate OA,7.5,fed,D,7370
20211026,92,Moderate OA,7.5,fed,D,10170
20211026,92,Moderate OA,7.5,fed,D,6790
20211026,92,Moderate OA,7.5,fed,D,3240
20211026,92,Moderate OA,7.5,fed,D,9010
20211026,92,Moderate OA,7.5,fed,D,12550
20211026,92,Moderate OA,7.5,fed,D,17100
20211026,92,Moderate OA,7.5,fed,D,7000
20211026,92,Moderate OA,7.5,fed,D,5360
20211026,92,Moderate OA,7.5,fed,D,6670
20211026,92,Moderate OA,7.5,fed,D,7570
20211026,92,Moderate OA,7.5,fed,D,9630
20211026,92,Moderate OA,7.5,fed,D,8050
20211026,92,Moderate OA,7.5,fed,D,11750
20211026,92,Moderate OA,7.5,fed,D,12190
20211026,92,Moderate OA,7.5,fed,D,8880
20211026,92,Moderate OA,7.5,fed,D,6640
20211026,92,Moderate OA,7.5,fed,D,8510
20211026,92,Moderate OA,7.5,fed,D,12480
20211026,92,Moderate OA,7.5,fed,D,4790
20211026,92,Moderate OA,7.5,fed,D,3840
20211026,92,Moderate OA,7.5,fed,D,3950
20211026,92,Low OA,8,unfed,A,3279.177
20211026,92,Low OA,8,unfed,A,3396.646
20211026,92,Low OA,8,unfed,A,2627.942
20211026,92,Low OA,8,unfed,A,3170.056
20211026,92,Low OA,8,unfed,A,2671.28
20211026,92,Low OA,8,unfed,A,4671.345
20211026,92,Low OA,8,unfed,A,3104.973
20211026,92,Low OA,8,unfed,A,2868.008
20211026,92,Low OA,8,unfed,A,2684.543
20211026,92,Low OA,8,unfed,A,3052.875
20211026,92,Low OA,8,unfed,A,2841.206
20211026,92,Low OA,8,unfed,A,3813.848
20211026,92,Low OA,8,unfed,A,2685.729
20211026,92,Low OA,8,unfed,A,3019.204
20211026,92,Low OA,8,unfed,A,2167.39
20211026,92,Low OA,8,unfed,A,3566.064
20211026,92,Low OA,8,unfed,A,2943.669
20211026,92,Low OA,8,unfed,A,2809.077
20211026,92,Low OA,8,unfed,A,3023.712
20211026,92,Low OA,8,unfed,A,3160.524
20211026,92,Low OA,8,unfed,A,4791.137
20211026,92,Low OA,8,unfed,A,4079.168
20211026,92,Low OA,8,unfed,A,2307.087
20211026,92,Low OA,8,unfed,A,2368.727
20211026,92,Low OA,8,unfed,A,2843.669
20211026,92,Low OA,8,unfed,A,2786.691
20211026,92,Low OA,8,unfed,A,2861.565
20211026,92,Low OA,8,unfed,A,3272.064
20211026,92,Low OA,8,unfed,A,2795.448
20211026,92,Low OA,8,unfed,A,2840.13
20211026,92,Low OA,8,unfed,A,2807.264
20211026,92,Low OA,8,unfed,A,2779.372
20211026,92,Low OA,8,unfed,A,2745.36
20211026,92,Low OA,8,unfed,A,2836.677
20211026,92,Low OA,8,unfed,A,3760.772
20211026,92,Low OA,8,unfed,A,2803.497
20211026,92,Low OA,8,unfed,A,3855.347
20211026,92,Low OA,8,unfed,A,3824.414
20211026,92,Low OA,8,unfed,A,2483.127
20211026,92,Low OA,8,unfed,B,4284.117
20211026,92,Low OA,8,unfed,B,2922.967
20211026,92,Low OA,8,unfed,B,2341.918
20211026,92,Low OA,8,unfed,B,4260.188
20211026,92,Low OA,8,unfed,B,3681.538
20211026,92,Low OA,8,unfed,B,2891.615
20211026,92,Low OA,8,unfed,B,2770.977
20211026,92,Low OA,8,unfed,B,3748.973
20211026,92,Low OA,8,unfed,B,2808.442
20211026,92,Low OA,8,unfed,B,4256.571
20211026,92,Low OA,8,unfed,B,2982.85
20211026,92,Low OA,8,unfed,B,2593.908
20211026,92,Low OA,8,unfed,B,3295.442
20211026,92,Low OA,8,unfed,B,3020.005
20211026,92,Low OA,8,unfed,B,3286.971
20211026,92,Low OA,8,unfed,B,2298.739
20211026,92,Low OA,8,unfed,B,3654.362
20211026,92,Low OA,8,unfed,B,4060.023
20211026,92,Low OA,8,unfed,B,3785.335
20211026,92,Low OA,8,unfed,B,6550.837
20211026,92,Low OA,8,unfed,B,3511.346
20211026,92,Low OA,8,unfed,B,4361.073
20211026,92,Low OA,8,unfed,B,4550.162
20211026,92,Low OA,8,unfed,B,3366.982
20211026,92,Low OA,8,unfed,B,3663.269
20211026,92,Low OA,8,unfed,B,2374.471
20211026,92,Low OA,8,unfed,B,2303.497
20211026,92,Low OA,8,unfed,B,4324.341
20211026,92,Low OA,8,unfed,C,3655.198
20211026,92,Low OA,8,unfed,C,3701.093
20211026,92,Low OA,8,unfed,C,2369.533
20211026,92,Low OA,8,unfed,C,1741.092
20211026,92,Low OA,8,unfed,C,2265.717
20211026,92,Low OA,8,unfed,C,2349.137
20211026,92,Low OA,8,unfed,C,2019.937
20211026,92,Low OA,8,unfed,C,4517.28
20211026,92,Low OA,8,unfed,C,3419.618
20211026,92,Low OA,8,unfed,C,2459.69
20211026,92,Low OA,8,unfed,C,1897.689
20211026,92,Low OA,8,unfed,C,2164.51
20211026,92,Low OA,8,unfed,C,2367.706
20211026,92,Low OA,8,unfed,C,2234.144
20211026,92,Low OA,8,unfed,C,1916.447
20211026,92,Low OA,8,unfed,C,2244.831
20211026,92,Low OA,8,unfed,C,2241.199
20211026,92,Low OA,8,unfed,C,1992.461
20211026,92,Low OA,8,unfed,C,2283.18
20211026,92,Low OA,8,unfed,C,2035.007
20211026,92,Low OA,8,unfed,C,2078.642
20211026,92,Low OA,8,unfed,C,2141.092
20211026,92,Low OA,8,unfed,C,2456.375
20211026,92,Low OA,8,unfed,C,2195.866
20211026,92,Low OA,8,unfed,C,2406.107
20211026,92,Low OA,8,unfed,C,1927.31
20211026,92,Low OA,8,unfed,C,2337.511
20211026,92,Low OA,8,unfed,C,2754.527
20211026,92,Low OA,8,unfed,D,3870.21
20211026,92,Low OA,8,unfed,D,4217.632
20211026,92,Low OA,8,unfed,D,5975.039
20211026,92,Low OA,8,unfed,D,5802.217
20211026,92,Low OA,8,unfed,D,6115.667
20211026,92,Low OA,8,unfed,D,2475.117
20211026,92,Low OA,8,unfed,D,2880.852
20211026,92,Low OA,8,unfed,D,3073.696
20211026,92,Low OA,8,unfed,D,1920.428
20211026,92,Low OA,8,unfed,D,2494.177
20211026,92,Low OA,8,unfed,D,2611.858
20211026,92,Low OA,8,unfed,D,2571.183
20211026,92,Low OA,8,unfed,D,3154.476
20211026,92,Low OA,8,unfed,D,3160.685
20211026,92,Low OA,8,unfed,D,2196.214
20211026,92,Low OA,8,unfed,D,2200.037
20211026,92,Low OA,8,unfed,D,2149.933
20211026,92,Low OA,8,unfed,D,3048.326
20211026,92,Low OA,8,unfed,D,2550.353
20211026,92,Low OA,8,unfed,D,3093.471
20211026,92,Moderate OA,7.5,unfed,A,2876.474
20211026,92,Moderate OA,7.5,unfed,A,2850.153
20211026,92,Moderate OA,7.5,unfed,A,2796.177
20211026,92,Moderate OA,7.5,unfed,A,3483.683
20211026,92,Moderate OA,7.5,unfed,A,3174.069
20211026,92,Moderate OA,7.5,unfed,A,2913.806
20211026,92,Moderate OA,7.5,unfed,A,3502.38
20211026,92,Moderate OA,7.5,unfed,A,3140.887
20211026,92,Moderate OA,7.5,unfed,A,2816.002
20211026,92,Moderate OA,7.5,unfed,A,3352.735
20211026,92,Moderate OA,7.5,unfed,A,2917.649
20211026,92,Moderate OA,7.5,unfed,A,4562.679
20211026,92,Moderate OA,7.5,unfed,A,7110.247
20211026,92,Moderate OA,7.5,unfed,A,4188.555
20211026,92,Moderate OA,7.5,unfed,A,2474.551
20211026,92,Moderate OA,7.5,unfed,A,5883.444
20211026,92,Moderate OA,7.5,unfed,A,3127.035
20211026,92,Moderate OA,7.5,unfed,A,3359.222
20211026,92,Moderate OA,7.5,unfed,A,3556.305
20211026,92,Moderate OA,7.5,unfed,A,4777.166
20211026,92,Moderate OA,7.5,unfed,A,5658.727
20211026,92,Moderate OA,7.5,unfed,A,3910.395
20211026,92,Moderate OA,7.5,unfed,A,5153.47
20211026,92,Moderate OA,7.5,unfed,A,4854.488
20211026,92,Moderate OA,7.5,unfed,A,2281.842
20211026,92,Moderate OA,7.5,unfed,A,2820.158
20211026,92,Moderate OA,7.5,unfed,A,2801.998
20211026,92,Moderate OA,7.5,unfed,A,2573.905
20211026,92,Moderate OA,7.5,unfed,A,2868.097
20211026,92,Moderate OA,7.5,unfed,A,2861.609
20211026,92,Moderate OA,7.5,unfed,A,4259.082
20211026,92,Moderate OA,7.5,unfed,A,1970.488
20211026,92,Moderate OA,7.5,unfed,B,6498.448
20211026,92,Moderate OA,7.5,unfed,B,2179.105
20211026,92,Moderate OA,7.5,unfed,B,4045.07
20211026,92,Moderate OA,7.5,unfed,B,3922.357
20211026,92,Moderate OA,7.5,unfed,B,4536.628
20211026,92,Moderate OA,7.5,unfed,B,3925.764
20211026,92,Moderate OA,7.5,unfed,B,3767.907
20211026,92,Moderate OA,7.5,unfed,B,3048.702
20211026,92,Moderate OA,7.5,unfed,B,3204.247
20211026,92,Moderate OA,7.5,unfed,B,2529.452
20211026,92,Moderate OA,7.5,unfed,B,5485.2
20211026,92,Moderate OA,7.5,unfed,B,5156.631
20211026,92,Moderate OA,7.5,unfed,B,5466.461
20211026,92,Moderate OA,7.5,unfed,B,3304.238
20211026,92,Moderate OA,7.5,unfed,B,3567.456
20211026,92,Moderate OA,7.5,unfed,B,2616.484
20211026,92,Moderate OA,7.5,unfed,B,3855.347
20211026,92,Moderate OA,7.5,unfed,B,3078.621
20211026,92,Moderate OA,7.5,unfed,B,3447.98
20211026,92,Moderate OA,7.5,unfed,B,3985.56
20211026,92,Moderate OA,7.5,unfed,B,4628.416
20211026,92,Moderate OA,7.5,unfed,B,4186.64
20211026,92,Moderate OA,7.5,unfed,B,3304.584
20211026,92,Moderate OA,7.5,unfed,B,3711.054
20211026,92,Moderate OA,7.5,unfed,B,2778.914
20211026,92,Moderate OA,7.5,unfed,B,2659.578
20211026,92,Moderate OA,7.5,unfed,B,3293.432
20211026,92,Moderate OA,7.5,unfed,B,3067.02
20211026,92,Moderate OA,7.5,unfed,B,2630.121
20211026,92,Moderate OA,7.5,unfed,B,2648.45
20211026,92,Moderate OA,7.5,unfed,B,2188.898
20211026,92,Moderate OA,7.5,unfed,B,3640.646
20211026,92,Moderate OA,7.5,unfed,B,3262.83
20211026,92,Moderate OA,7.5,unfed,B,3481.087
20211026,92,Moderate OA,7.5,unfed,B,2355.955
20211026,92,Moderate OA,7.5,unfed,C,7469.163
20211026,92,Moderate OA,7.5,unfed,C,1852.609
20211026,92,Moderate OA,7.5,unfed,C,3446.096
20211026,92,Moderate OA,7.5,unfed,C,2474.499
20211026,92,Moderate OA,7.5,unfed,C,2823.046
20211026,92,Moderate OA,7.5,unfed,C,3204.128
20211026,92,Moderate OA,7.5,unfed,C,3098.693
20211026,92,Moderate OA,7.5,unfed,C,3117.249
20211026,92,Moderate OA,7.5,unfed,C,2243.129
20211026,92,Moderate OA,7.5,unfed,C,3079.654
20211026,92,Moderate OA,7.5,unfed,C,2912.495
20211026,92,Moderate OA,7.5,unfed,C,4296.075
20211026,92,Moderate OA,7.5,unfed,C,3661.149
20211026,92,Moderate OA,7.5,unfed,C,2330.147
20211026,92,Moderate OA,7.5,unfed,C,2243.129
20211026,92,Moderate OA,7.5,unfed,C,2398.795
20211026,92,Moderate OA,7.5,unfed,C,4159.03
20211026,92,Moderate OA,7.5,unfed,C,2569.202
20211026,92,Moderate OA,7.5,unfed,C,2882.133
20211026,92,Moderate OA,7.5,unfed,C,2890.954
20211026,92,Moderate OA,7.5,unfed,C,3091.866
20211026,92,Moderate OA,7.5,unfed,C,2227.81
20211026,92,Moderate OA,7.5,unfed,C,2008.497
20211026,92,Moderate OA,7.5,unfed,C,2150.821
20211026,92,Moderate OA,7.5,unfed,C,2356.442
20211026,92,Moderate OA,7.5,unfed,C,3544.293
20211026,92,Moderate OA,7.5,unfed,C,4326.107
20211026,92,Moderate OA,7.5,unfed,C,2441.351
20211026,92,Moderate OA,7.5,unfed,C,2033.755
20211026,92,Moderate OA,7.5,unfed,C,2717.302
20211026,92,Moderate OA,7.5,unfed,C,2383.515
20211026,92,Moderate OA,7.5,unfed,D,2904.354
20211026,92,Moderate OA,7.5,unfed,D,2667.083
20211026,92,Moderate OA,7.5,unfed,D,3290.184
20211026,92,Moderate OA,7.5,unfed,D,3291.731
20211026,92,Moderate OA,7.5,unfed,D,3770.947
20211026,92,Moderate OA,7.5,unfed,D,2340.777
20211026,92,Moderate OA,7.5,unfed,D,2133.408
20211026,92,Moderate OA,7.5,unfed,D,3951.621
20211026,92,Moderate OA,7.5,unfed,D,2893.595
20211026,92,Moderate OA,7.5,unfed,D,1712.116
20211026,92,Moderate OA,7.5,unfed,D,2828.992
20211026,92,Moderate OA,7.5,unfed,D,2098.756
20211026,92,Moderate OA,7.5,unfed,D,3494.775
20211026,92,Moderate OA,7.5,unfed,D,2754.018
20211026,92,Moderate OA,7.5,unfed,D,2589.143
20211026,92,Moderate OA,7.5,unfed,D,3350.798
20211026,92,Moderate OA,7.5,unfed,D,2679.227
20211026,92,Moderate OA,7.5,unfed,D,2614.927
20211026,92,Moderate OA,7.5,unfed,D,1922.548
20211026,92,Moderate OA,7.5,unfed,D,2877.182
20211026,92,Moderate OA,7.5,unfed,D,3689.69
20211026,92,Moderate OA,7.5,unfed,D,2933.315
20211026,92,Moderate OA,7.5,unfed,D,2178.521
20211026,92,Moderate OA,7.5,unfed,D,3504.342
20211026,92,Moderate OA,7.5,unfed,D,2623.869
20211026,92,Moderate OA,7.5,unfed,D,2634.038
20211026,92,Moderate OA,7.5,unfed,D,2176.475
20211026,92,Moderate OA,7.5,unfed,D,2476.762
20211026,92,Moderate OA,7.5,unfed,D,3789.637
20211026,92,Moderate OA,7.5,unfed,D,2717.302
20211026,92,Moderate OA,7.5,unfed,D,2742.902
20211026,92,Moderate OA,7.5,unfed,D,3532.492
